Sequence,Net_Charge_at_pH_7,Isoelectric_Point,GRAVY,Molecular_Weight
MRPEIWIAQLLRRIGDEFNAYYARRV,1.5050483709296025,9.961541938781735,-0.3884615384615385,3237.7363
MRPEIWIAQELRRIGDEINAYYARRV,0.5078588329028131,8.34125804901123,-0.6038461538461538,3219.6765
MRPEIWIAQEFRRAGDEFNAYYARRV,0.5078588329028131,8.34125804901123,-0.8115384615384615,3245.6292
MRPEIWIAQELRRFGDEFNAYYAR,-0.4921311671971855,6.014099693298339,-0.7833333333333333,3032.3922000000002
MRPEIWAAQEFRRFGDEVNAYYARRV,0.5078588329028131,8.34125804901123,-0.8230769230769233,3231.6026
NLWAAQRYGRELRRMSDEFEGSFKGL,0.7676157594507718,8.586882591247559,-0.9769230769230768,3117.4554000000003
MRPEIWFAQELRRFGDEFNAYYARRV,0.5078588329028131,8.34125804901123,-0.8000000000000002,3321.7251
LRPEIRIARELRRIGDEFNE,-0.22234849671052714,6.390942192077637,-0.99,2482.7960000000003
MRPEIWIAQELKRIGDEFNAYYARRV,0.5068698318038134,8.252807426452637,-0.6461538461538462,3225.6793
MRPEIWFAQEARRIGDENNAYYARRV,0.5078588329028131,8.34125804901123,-1.0538461538461539,3212.558
MRPEIWIAQELRRDGDEFNAYYARRV,-0.4910204061573431,6.039108848571778,-0.9769230769230769,3255.6225
MRPEIWIAQGLRRIGDEFNAYYARRV,1.5050483709296025,9.961541938781735,-0.55,3181.63
MRPEIWFAQEFDRFGDEVNAYYARRV,-1.4910104062573417,4.935807228088377,-0.7461538461538464,3266.6002
MRPEIWIAQELRRNGDEVNAYYARRV,0.5078588329028131,8.34125804901123,-0.9230769230769231,3206.5948999999996
MRPEIWAAQEFRRNGDEFNAYYARRV,0.5078588329028131,8.34125804901123,-1.1192307692307693,3246.5742
MRPEIWIAQELRRIGDEYNAYYARRV,0.506859831903812,8.25209827423096,-0.8269230769230771,3269.6921
MRPEIWFAQELDRNGDEFNAYYARRV,-1.4910104062573417,4.935807228088377,-1.0038461538461538,3247.5555999999997
MRPEIWFAQEIDRIGDENNAYYARRV,-1.4910104062573417,4.935807228088377,-0.9115384615384615,3213.5394
MRPEIWFAQELDRFGDEVNAYYARRV,-1.4910104062573417,4.935807228088377,-0.7076923076923077,3232.584
MRPEIWWAQELRRIGDEFNAYYARRV,0.5078588329028131,8.34125804901123,-0.8769230769230771,3326.7450000000003
MRPEIWIAQEFDRDGDEFNAYYARRV,-2.489889645317497,4.593750190734863,-0.9769230769230769,3248.5404
MRPEIWFAQELRRAGDENNAYYARRV,0.5078588329028131,8.34125804901123,-1.0807692307692307,3212.558
STKKLSECLKRIGDELDSNM,-0.544899087952305,5.935605049133301,-0.8450000000000001,2267.5797
MRPEIWIAQELRRLGDEFNAYYARRV,0.5078588329028131,8.34125804901123,-0.6961538461538462,3253.6927
MRPEIWRAQELRRIGDEFNAYYARRV,1.5078488330028117,9.954450416564942,-1.0153846153846153,3296.7208
MRPEIWIAQELDRFGDEVNAYYARRV,-1.4910104062573417,4.935807228088377,-0.6423076923076925,3198.5678
MRPEIWAAQEIDRIGDEFNAYYARRV,-1.4910104062573417,4.935807228088377,-0.7076923076923077,3170.5147
MRPEIWFAQELDRNGDEVNAYYARRV,-1.4910104062573417,4.935807228088377,-0.9500000000000001,3199.5127999999995
MRPEIWIAQEWRRIGDEFNAYYARRV,0.5078588329028131,8.34125804901123,-0.8500000000000001,3326.745
MRPEIWIAQELRRIGDKFNAYYAR,1.5040593698306028,9.687615776062014,-0.7291666666666666,2997.4343000000003
PQMVILQLLRFIFRLEWRRH,3.048473518206148,11.999967765808105,0.08500000000000019,2652.2151
MRPEIWAAQEFDRIGDENNAYYARRV,-1.4910104062573417,4.935807228088377,-1.0153846153846156,3171.4597000000003
MRPEIWIAQELRRIEDEFNAYYARRV,-0.4893307051239768,6.071734428405762,-0.7884615384615384,3325.7554
MRPEIWIAQELRRNGDENNAYYARRV,0.5078588329028131,8.34125804901123,-1.2192307692307691,3221.5665
MRPEIWAAQEFDRDGDEFNAYYARRV,-2.489889645317497,4.593750190734863,-1.0807692307692307,3206.4607
MRPEIWAAQEADRNGDEVNAYYARRV,-1.4910104062573417,4.935807228088377,-1.0653846153846156,3081.3372
MRPEIWAAQEIRRDGDEFNAYYARRV,-0.4910204061573431,6.039108848571778,-1.0538461538461539,3213.5428
NLWAAQRYGRELRRMSDEFVDSFKK,1.7649270574184053,9.69038791656494,-1.1239999999999999,3103.4719
MRPEIWFAQEARRFGDENNAYYARRV,0.5078588329028131,8.34125804901123,-1.1192307692307695,3246.5742
MRPEIWFAQEADRIGDEVNAYYARRV,-1.4910104062573417,4.935807228088377,-0.7192307692307693,3156.4880999999996
MRPEIWFAQEFDRFGDEFNAYYARRV,-1.4910104062573417,4.935807228088377,-0.8000000000000002,3314.643
MRPEIWIAQELRRHGDEFNAYYARRV,0.5950330211574002,8.362274742126466,-0.9653846153846154,3277.6744
MRPEIWIAQELRRITDEFNAYYARRV,0.5078588329028131,8.34125804901123,-0.6807692307692308,3297.7453
MRPEIWIAQELDRAGDEVNAYYARRV,-1.4910104062573417,4.935807228088377,-0.6807692307692309,3122.4718999999996
MRPEIWAAQEFRRFGDEFNAYYARRV,0.5078588329028131,8.34125804901123,-0.8769230769230771,3279.6454000000003
MRPEIWIRQELRRIGDEFNAYYARRV,1.5078488330028117,9.954450416564942,-0.9115384615384616,3338.8005000000003
EIWIAQELRSRGDSFNAYYAR,-0.16126916008695735,6.279083061218262,-0.7380952380952381,2545.7621
IWIAQELRRAGDEFNAYY,-1.2351747027224365,4.679122352600097,-0.5222222222222223,2215.4218000000005
MRPEIWIAQEARRDGDEVNAYYARRV,-0.4910204061573431,6.039108848571778,-1.0,3165.4999999999995
MRPEIWGAQELRRIGDEFNAYYARRV,0.5078588329028131,8.34125804901123,-0.8576923076923079,3197.5864
MRPEIWIAQEIRRAGDEFNAYYARRV,0.5078588329028131,8.34125804901123,-0.7461538461538463,3211.613
MRPEIWFAQELDRNGDENNAYYARRV,-1.4910104062573417,4.935807228088377,-1.2461538461538462,3214.4844
MRPEIWIAQEFDRAGDEFNAYYARRV,-1.4910104062573417,4.935807228088377,-0.7730769230769231,3204.5308999999997
MRPEIWAAQEIDRNGDENNAYYARRV,-1.4910104062573417,4.935807228088377,-1.2576923076923074,3138.3885
MRPEIWFAQEADRAGDEVNAYYARRV,-1.4910104062573417,4.935807228088377,-0.8230769230769232,3114.4084
MRPEIWIAQETRRIGDEFNAYYARRV,0.5078588329028131,8.34125804901123,-0.8423076923076922,3241.639
MRPEIWFAQEADRDGDEVNAYYARRV,-2.489889645317497,4.593750190734863,-1.026923076923077,3158.4178999999995
MRPEIWIAQELGRIGDEFNAYYARRV,-0.4921311671971855,6.014099693298339,-0.5115384615384616,3154.5583
TKKLSECLKRIGDEL,0.3920302862568805,7.84755916595459,-0.6799999999999999,1733.0391
RNIARHLAQVGDSMDR,0.8494873246235755,9.516774559020995,-0.86875,1839.0448999999999
RPEIWYAQEIRRFGDEFNAYYAR,-0.23338324154822931,6.255324363708497,-1.1217391304347826,2951.2118000000005
RPEIWYAQGLKRIGDEFNAYYAR,0.7628172953795609,8.429450798034669,-0.917391304347826,2817.1195000000002
MRPEIWIAQELRRIGKEFNAYYARRV,2.5057390709639673,10.24610538482666,-0.6846153846153846,3266.7776000000003
IWIAQELRRIGDEQNAYY,-1.2351747027224365,4.679122352600097,-0.7222222222222222,2238.4569000000006
MRPEIWIAQEIRRDGDEVNAYYARRV,-0.4910204061573431,6.039108848571778,-0.8961538461538463,3207.5797
IWIAQELRRIGDEFNAYK,-0.235174702722436,6.181319999694824,-0.5166666666666666,2222.5006000000008
EIWIAQELRRIGDSFNAYYAR,-0.16126916008695735,6.279083061218262,-0.48571428571428577,2571.8424
MRPEIWIAQEVRRIGDEFNAYYARRV,0.5078588329028131,8.34125804901123,-0.653846153846154,3239.6661
MRPEIWIAQESRRIGDEFNAYYARRV,0.5078588329028131,8.34125804901123,-0.8461538461538461,3227.6124
MRPEIWIAQELRRIGHEFNAYYARRV,1.5939122602175555,9.961606407165526,-0.6576923076923078,3275.7446
MRPEIWPAQELRRIGDEFNAYYARRV,0.5078588329028131,8.34125804901123,-0.9038461538461539,3237.6503000000002
MRPEIWIAQELVRIGDEFNAYYARRV,-0.4921311671971855,6.014099693298339,-0.3346153846153847,3196.638
MRPEIWIAQENRRIGDEFNAYYARRV,0.5078588329028131,8.34125804901123,-0.9500000000000001,3254.6376999999998
MRPEIWAAQEFRRAGDEFNAYYARRV,0.5078588329028131,8.34125804901123,-0.9153846153846155,3203.5495
MRPEIWFAQEADRFGDENNAYYARRV,-1.4910104062573417,4.935807228088377,-1.080769230769231,3205.4759
MRPEIWFAQEADRIGDENNAYYARRV,-1.4910104062573417,4.935807228088377,-1.0153846153846156,3171.4597
AELEVECATQLRRFGDKLNFRQKL,0.7934977429165482,8.241074180603029,-0.6583333333333332,2865.2703000000006
MRPEIWFAQEFDRAGDEFNAYYARRV,-1.4910104062573417,4.935807228088377,-0.8384615384615385,3238.5471
MRPEIWIAQELDRNGDENNAYYARRV,-1.4910104062573417,4.935807228088377,-1.1807692307692308,3180.4682
MRPEIWFAQEADRNGDENNAYYARRV,-1.4910104062573417,4.935807228088377,-1.323076923076923,3172.4047
MRPEIWIAQELRREGDEFNAYYARRV,-0.4893307051239768,6.071734428405762,-0.9769230769230769,3269.6491
MRPEIWFAQELDRDGDENNAYYARRV,-2.489889645317497,4.593750190734863,-1.2461538461538462,3215.4692
DMRPEIYIAQELRRIGDEFNAY,-2.2312534797093835,4.513323020935059,-0.7727272727272726,2699.9899000000005
RRRRRRRRGCSTKKLSECLKRIGDELDSNM,7.745075077720381,11.48389835357666,-1.6933333333333331,3677.259500000001
MRPEIWFAQEIRRAGDENNAYYARRV,0.5078588329028131,8.34125804901123,-1.0538461538461539,3212.558
MRPEIWIAQEARRIGDEVNAYYARRV,0.5078588329028131,8.34125804901123,-0.6923076923076923,3163.5701999999997
MRPEIWFAQELDRAGDEFNAYYARRV,-1.4910104062573417,4.935807228088377,-0.8,3204.5308999999997
MRPEIWIAQELRRILDEFNAYYARRV,0.5078588329028131,8.34125804901123,-0.5076923076923077,3309.799
PQMVILQLLRFIFRLVWRRH,4.045663056232938,11.999967765808105,0.4700000000000003,2622.2320999999997
KKLSECLKRIGDELDS,-0.24494393298060135,6.206442832946778,-0.8625,1834.0999000000002
MRPEIWAAQEFRRDGDEVNAYYARRV,-0.4910204061573431,6.039108848571778,-1.0653846153846156,3199.5162
MRPEIWIAQDLRRIGDEFNAYYARRV,0.5061691318694468,8.340871238708495,-0.6692307692307693,3239.6661
MRPEIWIAQELHRIGDEFNAYYARRV,-0.4049569789425984,6.524627494812012,-0.6192307692307693,3234.6463
MRPEIWAAQEFDRAGDENNAYYARRV,-1.4910104062573417,4.935807228088377,-1.1192307692307693,3129.38
RPEIWYAQELGRAGDEFNAYYAR,-1.2333732416482284,4.870669746398924,-1.017391304347826,2775.9815000000003
MRPEIWAAQEADRDGDEFNAYYARRV,-2.489889645317497,4.593750190734863,-1.1192307692307693,3130.3648
MRPEIWYAQELRRIGDEFNAYYARRV,0.506859831903812,8.25209827423096,-0.8923076923076925,3303.7083000000002
MRPEIWFAQEFDRDGDEVNAYYARRV,-2.489889645317497,4.593750190734863,-0.9884615384615386,3234.5137999999997
MRPEIWAAQEADRNGDENNAYYARRV,-1.4910104062573417,4.935807228088377,-1.3615384615384611,3096.3088000000002
MRPEIWAAQEIDRNGDEVNAYYARRV,-1.4910104062573417,4.935807228088377,-0.9615384615384616,3123.4168999999997
MRPEIWIAQELYRIGDEFNAYYARRV,-0.4931301681961866,6.013872337341308,-0.5461538461538462,3260.6802
MRPEIWIAQELPRIGDEFNAYYARRV,-0.4921311671971855,6.014099693298339,-0.5576923076923078,3194.6222
MRPEIWTAQELRRIGDEFNAYYARRV,0.5078588329028131,8.34125804901123,-0.8692307692307693,3241.639
MRPEIWSAQELRRIGDEFNAYYARRV,0.5078588329028131,8.34125804901123,-0.8730769230769232,3227.6124000000004
MRPEIWIAQELRRIGDEENAYYARRV,-0.4893307051239768,6.071734428405762,-0.9115384615384615,3235.6329
MRPEIWISQELRRIGDEFNAYYARRV,0.5078588329028131,8.34125804901123,-0.7692307692307694,3269.6921
MRPEIWIWQELRRIGDEFNAYYARRV,0.5078588329028131,8.34125804901123,-0.7730769230769231,3368.8247
MRPEIWFAQEADRNGDEVNAYYARRV,-1.4910104062573417,4.935807228088377,-1.026923076923077,3157.4330999999997
RPEIWMTQELRRIGDEFNAYYAR,-0.23238424054922824,6.2560632705688475,-1.0478260869565217,2915.2444000000005
MRPEIWAAQEARRDGDEVNAYYARRV,-0.4910204061573431,6.039108848571778,-1.1038461538461541,3123.4202999999998
MRPEIWAAQELRRFGDEVNAYYARRV,0.5078588329028131,8.34125804901123,-0.7846153846153848,3197.5864
MRPEIWFAQEFDRNGDEFNAYYARRV,-1.4910104062573417,4.935807228088377,-1.0423076923076924,3281.5718
MRPEIWIAQELRRIYDEFNAYYARRV,0.506859831903812,8.25209827423096,-0.7038461538461539,3359.8146
STKKLECLKRIGDELDSNM,-0.544899087952305,5.935605049133301,-0.8473684210526317,2180.5024
RPEIWITQELRRIGDEINAYYAR,-0.23238424054922824,6.2560632705688475,-0.8608695652173912,2863.1898
MRPEIWVAQELRRIGDEFNAYYARRV,0.5078588329028131,8.34125804901123,-0.6807692307692309,3239.6661000000004
MRPEIWFAQEARRIGDEFNAYYARRV,0.5078588329028131,8.34125804901123,-0.8115384615384615,3245.6292
MRPEIWFAQEFRRFGDEVNAYYARRV,0.5078588329028131,8.34125804901123,-0.7846153846153848,3307.6985
MRPEIWIAQELIRIGDEFNAYYARRV,-0.4921311671971855,6.014099693298339,-0.32307692307692315,3210.6646
MRPEIWIAQELRRNGDEFNAYYARRV,0.5078588329028131,8.34125804901123,-0.9769230769230769,3254.6376999999998
MRPEIWIAQYLRRIGDEFNAYYARRV,1.504049369930602,9.684585762023925,-0.5846153846153848,3287.7518999999998
PQMVILQLLAFIFALVWRRH,2.0456830560329404,11.999967765808105,1.1000000000000005,2452.0164999999997
MRPEIWIAQELRRIGDDFNAYYARRV,0.5061691318694468,8.340871238708495,-0.6692307692307693,3239.6661
MRPEIWFAQEADRIGDEFNAYYARRV,-1.4910104062573417,4.935807228088377,-0.7730769230769231,3204.5308999999997
MRPEIWFAQEIDRAGDEVNAYYARRV,-1.4910104062573417,4.935807228088377,-0.7192307692307692,3156.4880999999996
AELEVEYATQLRRFGDKLNFRQKL,0.802399732016557,8.539047050476075,-0.8166666666666668,2925.3006000000005
MRPEIWAAQEIRRIGDEVNAYYARRV,0.5078588329028131,8.34125804901123,-0.6923076923076923,3163.5702
MRPEIWIAQELRRIGAEFNAYYARRV,1.5067380719629684,9.961541938781735,-0.46538461538461545,3209.6832
MRPEIWIAQEFRRFGDENNAYYARRV,0.5078588329028131,8.34125804901123,-1.0153846153846156,3288.6539000000002
MRPEIWFAQEADRFGDEVNAYYARRV,-1.4910104062573417,4.935807228088377,-0.7846153846153848,3190.5042999999996
RPEIWYAQGLKRFGDEFNAYKAR,1.7628172953795604,9.522576713562014,-1.1043478260869564,2816.1348000000003
MRPEIWAAQEARRIGDENNAYYARRV,0.5078588329028131,8.34125804901123,-1.0923076923076924,3136.4621
MRPEIWIAQELRRQGDEFNAYYARRV,0.5078588329028131,8.34125804901123,-0.9769230769230769,3268.6643
MRPEIWAAQEIDRDGDEFNAYYARRV,-2.489889645317497,4.593750190734863,-1.0153846153846153,3172.4445
MRPEIWFAQELRRDGDEVNAYYARRV,-0.4910204061573431,6.039108848571778,-0.9884615384615386,3241.5959
MRPEIWAAQEARRNGDEFNAYYARRV,0.5078588329028131,8.34125804901123,-1.1576923076923076,3170.4783
IWIAQELRRIGDEFNAYY,-1.2351747027224365,4.679122352600097,-0.3722222222222222,2257.5015000000008
MRPEIWAAQEADRAGDEVNAYYARRV,-1.4910104062573417,4.935807228088377,-0.8615384615384616,3038.3125
MRPEIWFAQEIRRFGDEFNAYYARRV,0.5078588329028131,8.34125804901123,-0.7730769230769231,3321.7251
PQMVILQLLRFEFRLVWRRH,3.048473518206148,11.999967765808105,0.07000000000000015,2638.1884999999997
MRPEIWAAQEADRFGDEFNAYYARRV,-1.4910104062573417,4.935807228088377,-0.8769230769230771,3162.4512
MRPEIWIAQELRRIWDEFNAYYARRV,0.5078588329028131,8.34125804901123,-0.6884615384615386,3382.8513
MRPEIWIAQELRRIGREFNAYYARRV,2.506728072062967,10.73651638031006,-0.7076923076923077,3294.791
QDASTKKLSECLKRIGDELDS,-1.2438231720407567,4.863735389709471,-0.9761904761904762,2336.5756
MRPEIWAAQELDRDGDEVNAYYARRV,-2.489889645317497,4.593750190734863,-0.9884615384615386,3124.4017
MRPEIWFAQEARRAGDENNAYYARRV,0.5078588329028131,8.34125804901123,-1.1576923076923076,3170.4783
MRPEIWIAQEIRRNGDENNAYYARRV,0.5078588329028131,8.34125804901123,-1.1923076923076925,3221.5665
MRPEIWFAQELRRNGDENNAYYARRV,0.5078588329028131,8.34125804901123,-1.2846153846153845,3255.5827000000004
MRPEIWIAQELRRAGDENNAYYARRV,0.5078588329028131,8.34125804901123,-1.0153846153846156,3178.5418
MRPEIWIAQEIDRNGDENNAYYARRV,-1.4910104062573417,4.935807228088377,-1.153846153846154,3180.4682
MRPEIWIAQEADRDGDENNAYYARRV,-2.489889645317497,4.593750190734863,-1.2576923076923074,3139.3732999999997
MRPEIWFAQEIRRIGDEFNAYYARRV,0.5078588329028131,8.34125804901123,-0.7076923076923077,3287.7089
MRPEIWIAQEADRFGDEVNAYYARRV,-1.4910104062573417,4.935807228088377,-0.7192307692307692,3156.4880999999996
MRPEIWAAQEFDRAGDEFNAYYARRV,-1.4910104062573417,4.935807228088377,-0.8769230769230769,3162.4512
MRPEIWFAQEADRDGDENNAYYARRV,-2.489889645317497,4.593750190734863,-1.323076923076923,3173.3894999999998
MRPEIWFAQEIDRNGDENNAYYARRV,-1.4910104062573417,4.935807228088377,-1.2192307692307691,3214.4844
MRPEIWIAQELRRIGDEVNAYYARRV,0.5078588329028131,8.34125804901123,-0.6153846153846154,3205.6499
MRPEIWFAQEADRDGDEFNAYYARRV,-2.489889645317497,4.593750190734863,-1.0807692307692307,3206.4606999999996
IAQELRRIGDEFNA,-1.2331767007244343,4.679122352600097,-0.55,1631.7875999999999
MRPEIWIAQEADRNGDEFNAYYARRV,-1.4910104062573417,4.935807228088377,-1.0153846153846153,3171.4597
MRPEIWAAQEADRFGDENNAYYARRV,-1.4910104062573417,4.935807228088377,-1.1192307692307695,3129.38
MRPEIWFAQEFRRIGDEFNAYYARRV,0.5078588329028131,8.34125804901123,-0.7730769230769231,3321.7251
MRPEIWAAQEIRRDGDEVNAYYARRV,-0.4910204061573431,6.039108848571778,-1.0,3165.5
MRPEIWFAQEFRRIGDENNAYYARRV,0.5078588329028131,8.34125804901123,-1.0153846153846156,3288.6539000000002
MRPEIWIAQEIRRDGDENNAYYARRV,-0.4910204061573431,6.039108848571778,-1.1923076923076925,3222.5513
MRPEIWIAQEFRRFGDEFNAYYARRV,0.5078588329028131,8.34125804901123,-0.7730769230769231,3321.7251
LWAAQRYGRELRRMSDEFEGSFKGL,0.7676157594507718,8.586882591247559,-0.8759999999999997,3003.3528000000006
LRPEIRYAQELRRIGDEFNE,-1.2233374978095277,5.160093879699706,-1.23,2504.7551000000008
QRYGRELRRMSDEFEG,-0.23138523955022716,6.2568021774292,-1.8687500000000001,2029.1972
MRPEIWAAQELRRDGDENNAYYARRV,-0.4910204061573431,6.039108848571778,-1.323076923076923,3180.4716000000003
MRPEIWIAQELRRIGDETNAYYARRV,0.5078588329028131,8.34125804901123,-0.8038461538461539,3207.6228
IWIAEELRRIGDEFNAYY,-2.232364240749226,4.407318305969238,-0.3722222222222222,2258.4863000000005
MRPEIWIAQEFRRAGDENNAYYARRV,0.5078588329028131,8.34125804901123,-1.0538461538461539,3212.558
MRPEIWIAQEPRRIGDEFNAYYARRV,0.5078588329028131,8.34125804901123,-0.8769230769230769,3237.6503
IWYAQGLKRFGDEFNAYK,0.7600268332063527,8.430417823791508,-0.7277777777777777,2206.4563000000007
MRPEIWAAQELRRNGDEFNAYYARRV,0.5078588329028131,8.34125804901123,-1.0807692307692307,3212.558
MRPEIWFAQEFRRNGDENNAYYARRV,0.5078588329028131,8.34125804901123,-1.323076923076923,3289.5989000000004
MRPEIWFAQEIDRAGDENNAYYARRV,-1.4910104062573417,4.935807228088377,-1.0153846153846156,3171.4597
MRPEIWDAQELRRIGDEFNAYYARRV,-0.4910204061573431,6.039108848571778,-0.9769230769230769,3255.6225000000004
MRPEIWILQELRRIGDEFNAYYARRV,0.5078588329028131,8.34125804901123,-0.5923076923076924,3295.7724000000003
IAQELRRIGDEF,-1.2331767007244343,4.679122352600097,-0.5000000000000001,1446.6071
MRPEIWIAQEADRAGDENNAYYARRV,-1.4910104062573417,4.935807228088377,-1.0538461538461539,3095.3638
MRPEIWIAQELRRIGFEFNAYYARRV,1.5067380719629684,9.961541938781735,-0.42692307692307696,3285.7791
MRPEIWAAQEFDRIGDEVNAYYARRV,-1.4910104062573417,4.935807228088377,-0.7192307692307693,3156.4881
MRPEIWIAQEIDRDGDENNAYYARRV,-2.489889645317497,4.593750190734863,-1.153846153846154,3181.453
MRPEIWIAQELRRGGDEFNAYYARRV,0.5078588329028131,8.34125804901123,-0.8576923076923078,3197.5864
MRPEIWFAQELRRIGDEFNAYYARRV,0.5078588329028131,8.34125804901123,-0.7346153846153847,3287.7089
MRPEIWIAQEFDRDGDENNAYYARRV,-2.489889645317497,4.593750190734863,-1.2192307692307691,3215.4692
MRPEIWIAQELRRYGDEFNAYYARRV,0.506859831903812,8.25209827423096,-0.8923076923076925,3303.7083000000002
MRPEIWIAQILRRIGDEFNAYYARRV,1.5050483709296025,9.961541938781735,-0.36153846153846164,3237.7363
MRPEIWIAQHLRRIGDEFNAYYARRV,1.5922225591841896,9.961606407165526,-0.6576923076923078,3261.718
MRPEIWAAQEIDRFGDEFNAYYARRV,-1.4910104062573417,4.935807228088377,-0.7730769230769231,3204.5309
MRPEIWAAQEARRNGDENNAYYARRV,0.5078588329028131,8.34125804901123,-1.3999999999999997,3137.4071000000004
MRPEIWFAQEARRDGDEFNAYYARRV,-0.4910204061573431,6.039108848571778,-1.1192307692307693,3247.5589999999997
MRPEIWIAQELRRIGDEDNAYYARRV,-0.4910204061573431,6.039108848571778,-0.9115384615384615,3221.6063
RPEIWIAQGLRRIGDTWNAYYAR,1.761994835504351,9.970760917663572,-0.7304347826086957,2806.1433
MRPEIWFAQEIDRNGDEVNAYYARRV,-1.4910104062573417,4.935807228088377,-0.9230769230769231,3199.5127999999995
MRPEIWIAQELQRIGDEFNAYYARRV,-0.4921311671971855,6.014099693298339,-0.6307692307692309,3225.6362
MRPEIWFAQEFDRFGDENNAYYARRV,-1.4910104062573417,4.935807228088377,-1.0423076923076926,3281.5718
MRPEIWIAQEIDRNGDEVNAYYARRV,-1.4910104062573417,4.935807228088377,-0.8576923076923079,3165.4965999999995
MRPEIWFAQELRRNGDEVNAYYARRV,0.5078588329028131,8.34125804901123,-0.9884615384615386,3240.6111
MRPEIWITQELRRIGDEFNAYYARRV,0.5078588329028131,8.34125804901123,-0.7653846153846154,3283.7187000000004
MRPEIWAAQELDRDGDEFNAYYARRV,-2.489889645317497,4.593750190734863,-1.0423076923076924,3172.4445
MRPEIWQAQELRRIGDEFNAYYARRV,0.5078588329028131,8.34125804901123,-0.9769230769230769,3268.6643000000004
MRPEIWIAQELRRIGPEFNAYYARRV,1.5067380719629684,9.961541938781735,-0.5961538461538461,3235.7205000000004
MRPEIWAAQELDRFGDEFNAYYARRV,-1.4910104062573417,4.935807228088377,-0.8000000000000002,3204.5309
MRPEIWIAQELDRFGDEFNAYYARRV,-1.4910104062573417,4.935807228088377,-0.6961538461538462,3246.6106
MRPEIWIAQEIDRDGDEFNAYYARRV,-2.489889645317497,4.593750190734863,-0.9115384615384616,3214.5242
MRPEIWIAQELSRIGDEFNAYYARRV,-0.4921311671971855,6.014099693298339,-0.526923076923077,3184.5843
MRPEIWIAQEFDRIGDENNAYYARRV,-1.4910104062573417,4.935807228088377,-0.9115384615384615,3213.5394
STKKLSECLKRIGDELDM,-0.544899087952305,5.935605049133301,-0.7,2066.3997999999997
NLWAARYGRELRRMSDKFVD,1.7662964980514988,9.970760917663572,-0.9599999999999997,2483.8053
MRPEIWAAQELRRIGDEVNAYYARRV,0.5078588329028131,8.34125804901123,-0.7192307692307693,3163.5702
MRPEIWIAQEFRRIGDEVNAYYARRV,0.5078588329028131,8.34125804901123,-0.6538461538461539,3239.6661
MRPEIWIAQELRRRGDEFNAYYARRV,1.5078488330028117,9.954450416564942,-1.0153846153846153,3296.7208
MRPEIWIAQELRRVGDEFNAYYARRV,0.5078588329028131,8.34125804901123,-0.6807692307692308,3239.6661
MRPEIWIAQEIRRFGDEVNAYYARRV,0.5078588329028131,8.34125804901123,-0.653846153846154,3239.6661
MRPEIWIAQEIRRIGDEFNAYYARRV,0.5078588329028131,8.34125804901123,-0.6423076923076925,3253.6927
MRPEIWAAQEFDRDGDEVNAYYARRV,-2.489889645317497,4.593750190734863,-1.026923076923077,3158.4179
MRPEIWFAQEFRRDGDEVNAYYARRV,-0.4910204061573431,6.039108848571778,-1.026923076923077,3275.6121
MRPEIWIAQEFDRNGDENNAYYARRV,-1.4910104062573417,4.935807228088377,-1.2192307692307691,3214.4844
MRPEIWAAQELRRDGDEVNAYYARRV,-0.4910204061573431,6.039108848571778,-1.026923076923077,3165.5
MRPEIWAAQEADRAGDENNAYYARRV,-1.4910104062573417,4.935807228088377,-1.1576923076923076,3053.2841000000003
MRPEIWIAQFLRRIGDEFNAYYARRV,1.5050483709296025,9.961541938781735,-0.42692307692307696,3271.7525
MRPEIWIAQELRRWGDEFNAYYARRV,0.5078588329028131,8.34125804901123,-0.8769230769230769,3326.745
MRPEIWIAQEADRIGDEVNAYYARRV,-1.4910104062573417,4.935807228088377,-0.6538461538461539,3122.4718999999996
IWIAQELRRAGDEFNAYK,-0.235174702722436,6.181319999694824,-0.6666666666666666,2180.4209000000005
MRPEIWIAQEFRRNGDEFNAYYARRV,0.5078588329028131,8.34125804901123,-1.0153846153846153,3288.6539000000002
EIWIAQELRRRGDAFNAYYAR,0.8387208400130413,8.684165382385256,-0.7904761904761906,2598.8711
MRPEIWIAQEARRAGDENNAYYARRV,0.5078588329028131,8.34125804901123,-1.0923076923076924,3136.4621
MRPEIWIAQELDRFGDENNAYYARRV,-1.4910104062573417,4.935807228088377,-0.9384615384615386,3213.5394
MRPEIWIGQELRRIGDEFNAYYARRV,0.5078588329028131,8.34125804901123,-0.7538461538461539,3239.6661
MRPEIWINQELRRIGDEFNAYYARRV,0.5078588329028131,8.34125804901123,-0.8730769230769232,3296.7174
GQVGRQLAIIGDDINR,-0.23767686373101027,5.961182594299316,-0.275,1724.9156999999998
MRPEIWFAQEFRRAGDENNAYYARRV,0.5078588329028131,8.34125804901123,-1.1192307692307693,3246.5742
MRPEIWFAQELDRFGDEFNAYYARRV,-1.4910104062573417,4.935807228088377,-0.7615384615384616,3280.6268
MRPEIWAAQEFRRAGDEVNAYYARRV,0.5078588329028131,8.34125804901123,-0.8615384615384616,3155.5067
MRPEIWIAQELRRIGDWFNAYYARRV,1.5050483709296025,9.961541938781735,-0.5692307692307692,3310.7886
MRPEIWAAQELDRNGDEVNAYYARRV,-1.4910104062573417,4.935807228088377,-0.9884615384615386,3123.4168999999997
PQMVELQLLRFIFRLVWRRH,3.048473518206148,11.999967765808105,0.06999999999999998,2638.1884999999997
MRPEIWAAQEIDRAGDEFNAYYARRV,-1.4910104062573417,4.935807228088377,-0.8115384615384615,3128.435
RPEIWYAQGLRRFGDEFNAYYAR,0.7638062964785606,8.494757270812986,-1.0173913043478262,2879.1491000000005
MRPEIWAAQEADRIGDEVNAYYARRV,-1.4910104062573417,4.935807228088377,-0.7576923076923078,3080.3922
MRPEIWAAQEIDRDGDENNAYYARRV,-2.489889645317497,4.593750190734863,-1.2576923076923074,3139.3733
MRPEIWFAQEARRFGDEVNAYYARRV,0.5078588329028131,8.34125804901123,-0.8230769230769233,3231.6025999999997
MRPEIWIAQELRRIPDEFNAYYARRV,0.5078588329028131,8.34125804901123,-0.7153846153846154,3293.7566
MRPEIWIAQELRRIGDLFNAYYARRV,1.5050483709296025,9.961541938781735,-0.3884615384615385,3237.7363
MRPEIWIAQEADRDGDEFNAYYARRV,-2.489889645317497,4.593750190734863,-1.0153846153846153,3172.4444999999996
MRPEIWIAQELRRIGWEFNAYYARRV,1.5067380719629684,9.961541938781735,-0.5692307692307692,3324.8152
MRPEIWAAQEIDRFGDEVNAYYARRV,-1.4910104062573417,4.935807228088377,-0.7192307692307692,3156.4881
MRPEIWFAQEARRNGDENNAYYARRV,0.5078588329028131,8.34125804901123,-1.3615384615384611,3213.503
MRPEIWIAQELRRIGDERNAYYARRV,1.5078488330028117,9.954450416564942,-0.95,3262.7046
RPEIWYAQELKRFGDEFNAYYAR,-0.234372242647229,6.254585456848145,-1.1260869565217393,2923.1984
MRPEIWAAQELDRIGDEFNAYYARRV,-1.4910104062573417,4.935807228088377,-0.7346153846153847,3170.5147
MRPEIWIAQEARRAGDEVNAYYARRV,0.5078588329028131,8.34125804901123,-0.7961538461538462,3121.4905
MRPEIWFAQEIRRFGDENNAYYARRV,0.5078588329028131,8.34125804901123,-1.0153846153846156,3288.6539000000002
MRPEIWIAQELRRIGDEGNAYYARRV,0.5078588329028131,8.34125804901123,-0.7923076923076924,3163.5702
STKKLSECLKRIGDELDS,-0.544899087952305,5.935605049133301,-0.8500000000000001,2022.2810999999997
MRPEIWIAQALRRIGDEFNAYYARRV,1.5050483709296025,9.961541938781735,-0.46538461538461545,3195.6566
MRPEIWIAQELRRIGGEFNAYYARRV,1.5067380719629684,9.961541938781735,-0.55,3195.6566000000003
MRPEIWAAQEFDRAGDEVNAYYARRV,-1.4910104062573417,4.935807228088377,-0.8230769230769232,3114.4084
MRPEIWAAQEIDRAGDEVNAYYARRV,-1.4910104062573417,4.935807228088377,-0.7576923076923078,3080.3922
MRPEIWIAQELRRIGDEHNAYYARRV,0.5950330211574002,8.362274742126466,-0.9000000000000001,3243.6582
MRPEIWFAQEFDRIGDEFNAYYARRV,-1.4910104062573417,4.935807228088377,-0.7346153846153847,3280.6268
MRPEIWAAQEADRIGDENNAYYARRV,-1.4910104062573417,4.935807228088377,-1.0538461538461539,3095.3638
MRPEIWFAQEARRFGDEFNAYYARRV,0.5078588329028131,8.34125804901123,-0.8769230769230771,3279.6454
MRPEIWIAQELRRIGYEFNAYYARRV,1.5057390709639678,9.684585762023925,-0.5846153846153845,3301.7785000000003
MRPEIWFAQEIRRDGDEVNAYYARRV,-0.4910204061573431,6.039108848571778,-0.9615384615384616,3241.5959
IAQELRRIGDEF,-1.2331767007244343,4.679122352600097,-0.5000000000000001,1446.6071
MRPEIWIAQELRRISDEFNAYYARRV,0.5078588329028131,8.34125804901123,-0.6846153846153846,3283.7187
MRPEIWIAQERRRIGDEFNAYYARRV,1.5078488330028117,9.954450416564942,-0.9884615384615386,3296.7208
MRPEIWIAQEIDRAGDEVNAYYARRV,-1.4910104062573417,4.935807228088377,-0.653846153846154,3122.4718999999996
STKKLLKRIGDELDSNM,0.4621914401734948,8.219864082336429,-0.8882352941176472,1948.2455
MRPEIWFAQELRRFGDENNAYYARRV,0.5078588329028131,8.34125804901123,-1.0423076923076926,3288.6539000000002
MRPEIWIAQELRRIGIEFNAYYARRV,1.5067380719629684,9.961541938781735,-0.36153846153846164,3251.7629
MRPEIWYAQELRRIGDEFNAYYAR,-0.4931301681961866,6.013872337341308,-0.9541666666666667,3048.3916000000004
MRPEIWIAQELRRFGDEFNAYYARRV,0.5078588329028131,8.34125804901123,-0.7346153846153847,3287.7089
MRPEIWFAQEIDRNGDEFNAYYARRV,-1.4910104062573417,4.935807228088377,-0.9769230769230769,3247.5555999999997
MRPEIWAAQEADRNGDEFNAYYARRV,-1.4910104062573417,4.935807228088377,-1.1192307692307693,3129.38
MRPEIWIAQEIDRNGDEFNAYYARRV,-1.4910104062573417,4.935807228088377,-0.9115384615384616,3213.5393999999997
MRPEIWIAQELRRIGDPFNAYYARRV,1.5050483709296025,9.961541938781735,-0.5961538461538461,3221.6939
MRPEIWIAQELRRIGDQFNAYYARRV,1.5050483709296025,9.961541938781735,-0.6692307692307693,3252.7079
MRPEIWIAQEIRRNGDEFNAYYARRV,0.5078588329028131,8.34125804901123,-0.9500000000000001,3254.6376999999998
LRPEIRYAQELRRMGDEFNE,-1.2233374978095277,5.160093879699706,-1.3599999999999999,2522.7935000000007
RPEIWIAQELRRAGDVLNAYYAR,0.7648052974775612,8.586689186096194,-0.5652173913043478,2761.1011
MRPEIWIAQELRRIKDEFNAYYARRV,1.506859831903812,9.684585762023925,-0.8038461538461538,3324.8137
MRPEIWIAQEIRRAGDENNAYYARRV,0.5078588329028131,8.34125804901123,-0.9884615384615386,3178.5418
MRPEIWIAQEIRRFGDENNAYYARRV,0.5078588329028131,8.34125804901123,-0.9500000000000001,3254.6377
WIAQELRRIGDEFN,-1.2331767007244343,4.679122352600097,-0.7428571428571428,1746.9196000000002
MRPEIWFAQEARRIGDEVNAYYARRV,0.5078588329028131,8.34125804901123,-0.7576923076923078,3197.5863999999997
STKKLSECLKRIGDM,1.4511696891346406,9.185600471496581,-0.6266666666666667,1709.0407999999998
MRPEIWAAQELDRAGDENNAYYARRV,-1.4910104062573417,4.935807228088377,-1.0807692307692307,3095.3638
LRPEIRIAQELRRMGDEFNE,-1.2223384968105266,5.160150718688963,-1.07,2472.7779000000005
MRPEIWIAQEARRFGDEVNAYYARRV,0.5078588329028131,8.34125804901123,-0.7576923076923078,3197.5863999999997
MRPEIWIAQEARRDGDENNAYYARRV,-0.4910204061573431,6.039108848571778,-1.296153846153846,3180.4716
MRPEIWAAQEIDRIGDEVNAYYARRV,-1.4910104062573417,4.935807228088377,-0.6538461538461539,3122.4719
MRPEIWIAQEARRFGDEFNAYYARRV,0.5078588329028131,8.34125804901123,-0.8115384615384615,3245.6292
MRPEIWIAQEFRRDGDEFNAYYARRV,-0.4910204061573431,6.039108848571778,-1.0153846153846153,3289.6387
MRPEIWFAQEIRRNGDEVNAYYARRV,0.5078588329028131,8.34125804901123,-0.9615384615384616,3240.6111
RPEIWIAQGLKRFGDEFNAYYAR,0.7638162963785615,8.495530891418458,-0.7391304347826086,2801.1201
MRPEIWIAQEFDRDGDEVNAYYARRV,-2.489889645317497,4.593750190734863,-0.9230769230769231,3200.4975999999997
MRPEIWIAQEARRIGDEFNAYYARRV,0.5078588329028131,8.34125804901123,-0.7461538461538463,3211.613
MRPEIWFAQEARRNGDEVNAYYARRV,0.5078588329028131,8.34125804901123,-1.0653846153846156,3198.5314
MRPEIWIVQELRRIGDEFNAYYARRV,0.5078588329028131,8.34125804901123,-0.5769230769230769,3281.7458
AELPPEFAAQLRKIGDKVYC,-0.21029172025566112,6.2157075881958,-0.21000000000000005,2248.5993
MRPEIWAAQEARRIGDEVNAYYARRV,0.5078588329028131,8.34125804901123,-0.7961538461538462,3121.4905
MRPEIWIAQRLRRIGDEFNAYYARRV,2.505038371029601,10.73651638031006,-0.7076923076923077,3280.7644
STKKLCLKRIGDELDSNM,0.4522904500744849,7.900358772277833,-0.7000000000000002,2051.3884000000003
MRPEIWAAQEADRFGDEVNAYYARRV,-1.4910104062573417,4.935807228088377,-0.8230769230769233,3114.4084
MRPEIWAAQEIRRDGDENNAYYARRV,-0.4910204061573431,6.039108848571778,-1.296153846153846,3180.4716000000003
MRPEIWIAQELRRIGDEANAYYARRV,0.5078588329028131,8.34125804901123,-0.7076923076923077,3177.5968
MRPEIWFAQELRRNGDEFNAYYARRV,0.5078588329028131,8.34125804901123,-1.0423076923076924,3288.6539000000002
MRPEIWAAQEIRRNGDEVNAYYARRV,0.5078588329028131,8.34125804901123,-1.0,3164.5152
MRPEIWIAQELRRIGDRFNAYYARRV,2.505038371029601,10.73651638031006,-0.7076923076923077,3280.7644
KKLSECLKRIGDELDSNM,-0.24494393298060135,6.206442832946778,-0.8555555555555556,2079.3985000000002
MRPEIWAAQEIDRIGDENNAYYARRV,-1.4910104062573417,4.935807228088377,-0.95,3137.4435000000003
MRPEIWFAQEFDRDGDENNAYYARRV,-2.489889645317497,4.593750190734863,-1.2846153846153845,3249.4854
MRPEIWIAQELRRIGLEFNAYYARRV,1.5067380719629684,9.961541938781735,-0.3884615384615385,3251.7629
MRPEIWAAQEARRAGDEFNAYYARRV,0.5078588329028131,8.34125804901123,-0.9538461538461539,3127.4536000000003
MRPEIWIAQELRRIGDEPNAYYARRV,0.5078588329028131,8.34125804901123,-0.8384615384615385,3203.6341
MRPEIWAAQEARRDGDEFNAYYARRV,-0.4910204061573431,6.039108848571778,-1.1576923076923076,3171.4631
MRPEIWIAQELRRIQDEFNAYYARRV,0.5078588329028131,8.34125804901123,-0.7884615384615384,3324.7706
MRPEIWFAQELRRDGDENNAYYARRV,-0.4910204061573431,6.039108848571778,-1.2846153846153845,3256.5675
MRPEIWAAQEFDRNGDENNAYYARRV,-1.4910104062573417,4.935807228088377,-1.323076923076923,3172.4047
MRPEIWIAQELRRIGDNFNAYYARRV,1.5050483709296025,9.961541938781735,-0.6692307692307693,3238.6813
MRPEIWIAQELRRIGDFFNAYYARRV,1.5050483709296025,9.961541938781735,-0.42692307692307696,3271.7525
MRPEIWAAQELDRAGDEFNAYYARRV,-1.4910104062573417,4.935807228088377,-0.8384615384615385,3128.435
MRPEIWIAQELRRIGDAFNAYYARRV,1.5050483709296025,9.961541938781735,-0.46538461538461545,3195.6566
MRPEIWFAQEIDRIGDEFNAYYARRV,-1.4910104062573417,4.935807228088377,-0.6692307692307693,3246.6106
MRPEIWIAQEIDRIGDENNAYYARRV,-1.4910104062573417,4.935807228088377,-0.8461538461538463,3179.5232
MRPEIWFAQEADRNGDEFNAYYARRV,-1.4910104062573417,4.935807228088377,-1.0807692307692307,3205.4759
LSECLKRIGDELDSN,-2.2429459309825996,4.3166601181030275,-0.6333333333333333,1691.8578999999995
KLSECLKRIGDELDS,-1.2439449319816007,4.782853507995605,-0.6600000000000001,1705.9276
MRPEIWFAQEFRRFGDENNAYYARRV,0.5078588329028131,8.34125804901123,-1.080769230769231,3322.6701000000003
MRPEIWIAQEIRRAGDEVNAYYARRV,0.5078588329028131,8.34125804901123,-0.6923076923076924,3163.5701999999997
RQIKIWFQNRRMKWKKMGQVGRQLAIIGDDINRRY,7.75728813167398,11.728555870056152,-1.0285714285714282,4404.1827
MRPEIWAAQELDRDGDENNAYYARRV,-2.489889645317497,4.593750190734863,-1.2846153846153845,3139.3733
MRPEIWFAQELDRDGDEVNAYYARRV,-2.489889645317497,4.593750190734863,-0.9500000000000001,3200.4975999999997
MRPEIWAAQELDRAGDEVNAYYARRV,-1.4910104062573417,4.935807228088377,-0.7846153846153847,3080.3922
MRPEIWIAQELRRIGDEWNAYYARRV,0.5078588329028131,8.34125804901123,-0.8115384615384615,3292.7288
MRPEIWIAQELRRIGDEKNAYYARRV,1.506859831903812,9.684585762023925,-0.926923076923077,3234.6912
MRPEIWIAQEFRRIGDENNAYYARRV,0.5078588329028131,8.34125804901123,-0.95,3254.6377
PQMVILQLERFIFRLVWRRH,3.048473518206148,11.999967765808105,0.10500000000000012,2638.1884999999997
MRPEIWIAQEIRRFGDEFNAYYARRV,0.5078588329028131,8.34125804901123,-0.7076923076923077,3287.7089
RPEIWMGQGLRRLGDEINAYYAR,0.7648052974775612,8.586689186096194,-0.856521739130435,2765.1129
MRPEIWAAQEFRRNGDENNAYYARRV,0.5078588329028131,8.34125804901123,-1.3615384615384611,3213.503
MRPEIWIAQEERRIGDEFNAYYARRV,-0.4893307051239768,6.071734428405762,-0.9500000000000001,3269.6491
MRPEIWIAQELRRIDDEFNAYYARRV,-0.4910204061573431,6.039108848571778,-0.7884615384615384,3311.7288
MRPEIWIAQEIDRIGDEVNAYYARRV,-1.4910104062573417,4.935807228088377,-0.55,3164.5516
MRPEIWFAQEARRAGDEFNAYYARRV,0.5078588329028131,8.34125804901123,-0.9153846153846155,3203.5495
MRPEIWFAQEFDRIGDENNAYYARRV,-1.4910104062573417,4.935807228088377,-0.976923076923077,3247.5556
MRPEIWIAQELRRFGDEVNAYYARRV,0.5078588329028131,8.34125804901123,-0.6807692307692309,3239.6661
MRPEIWAAQELRRNGDEVNAYYARRV,0.5078588329028131,8.34125804901123,-1.026923076923077,3164.5152
MRPEIWIAQELRRFGDENNAYYARRV,0.5078588329028131,8.34125804901123,-0.976923076923077,3254.6377
MRPEIWIAQEGRRIGDEFNAYYARRV,0.5078588329028131,8.34125804901123,-0.8307692307692308,3197.5864
MRPEIWAAQEIRRFGDEVNAYYARRV,0.5078588329028131,8.34125804901123,-0.7576923076923078,3197.5864
MRPEIWIAQELRRAGDEFNAYYARRV,0.5078588329028131,8.34125804901123,-0.7730769230769231,3211.613
MRPEIWAAQEFDRDGDENNAYYARRV,-2.489889645317497,4.593750190734863,-1.323076923076923,3173.3895
MRPEIWIAQEFRRIGDEFNAYYARRV,0.5078588329028131,8.34125804901123,-0.7076923076923077,3287.7089
MRPEIWAAQEIDRNGDEFNAYYARRV,-1.4910104062573417,4.935807228088377,-1.0153846153846153,3171.4597
TKKLSECLKRIGDE,0.39726756602436986,7.849557685852051,-1.0,1619.8814999999997
MRPEIWKAQELRRIGDEFNAYYARRV,1.506859831903812,9.684585762023925,-0.9923076923076922,3268.7074000000002
RPEIWITQELRRIGDEFNAYYAR,-0.23238424054922824,6.2560632705688475,-0.934782608695652,2897.206
MRPEIWIAQEFDRAGDENNAYYARRV,-1.4910104062573417,4.935807228088377,-1.0153846153846156,3171.4597
MRPEIWIAQELRRIHDEFNAYYARRV,0.5950330211574002,8.362274742126466,-0.7769230769230769,3333.7807
MRPEIWFAQELRRAGDEVNAYYARRV,0.5078588329028131,8.34125804901123,-0.7846153846153847,3197.5863999999997
RRRRRRRRGCMGQVGRQLAIIGDDINRRY,8.75133314607097,11.999967765808105,-1.4551724137931035,3585.1503999999995
MRPEIWIAQELDRDGDEFNAYYARRV,-2.489889645317497,4.593750190734863,-0.9384615384615385,3214.5242
MRPEIWAAQEFDRFGDEFNAYYARRV,-1.4910104062573417,4.935807228088377,-0.8384615384615386,3238.5471000000002
MRPEIWAAQELRRAGDEFNAYYARRV,0.5078588329028131,8.34125804901123,-0.8769230769230769,3169.5333
MRPEIWHAQELRRIGDEFNAYYARRV,0.5950330211574002,8.362274742126466,-0.9653846153846154,3277.6744000000003
MRPEIWAAQEFDRFGDEVNAYYARRV,-1.4910104062573417,4.935807228088377,-0.7846153846153848,3190.5043
MRPEIWIAQEFDRFGDEFNAYYARRV,-1.4910104062573417,4.935807228088377,-0.7346153846153847,3280.6268
MRPEIWIAQELRRIGDIFNAYYARRV,1.5050483709296025,9.961541938781735,-0.36153846153846164,3237.7363
MRPEIWIAQELRRIGSEFNAYYARRV,1.5067380719629684,9.961541938781735,-0.5653846153846154,3225.6826
MRPEIWIAQEIDRFGDEFNAYYARRV,-1.4910104062573417,4.935807228088377,-0.6692307692307693,3246.6106
MRPEIWFAQEFRRNGDEVNAYYARRV,0.5078588329028131,8.34125804901123,-1.026923076923077,3274.6273
MRPEIWAAQEIRRNGDEFNAYYARRV,0.5078588329028131,8.34125804901123,-1.0538461538461539,3212.558
MRPEIWFAQEIDRDGDEVNAYYARRV,-2.489889645317497,4.593750190734863,-0.9230769230769231,3200.4975999999997
MRPEIWAAQEFDRIGDEFNAYYARRV,-1.4910104062573417,4.935807228088377,-0.7730769230769231,3204.5309
MRPEIWIAQNLRRIGDEFNAYYARRV,1.5050483709296025,9.961541938781735,-0.6692307692307693,3238.6812999999997
MRPEIWIAQEIRRIGDENNAYYARRV,0.5078588329028131,8.34125804901123,-0.8846153846153848,3220.6215
MRPEIWFAQEIDRDGDEFNAYYARRV,-2.489889645317497,4.593750190734863,-0.9769230769230769,3248.5404
MRPEIWIAQELRRDGDEVNAYYARRV,-0.4910204061573431,6.039108848571778,-0.9230769230769231,3207.5797
MRPEIWIAQELRRIGQEFNAYYARRV,1.5067380719629684,9.961541938781735,-0.6692307692307693,3266.7345
MRPEIWIAQELARIGDEFNAYYARRV,-0.4921311671971855,6.014099693298339,-0.42692307692307696,3168.5849
MRPEIWIAQELRRSGDEFNAYYARRV,0.5078588329028131,8.34125804901123,-0.8730769230769232,3227.6124
MRPEIWAAQELDRFGDEVNAYYARRV,-1.4910104062573417,4.935807228088377,-0.7461538461538464,3156.4881
MRPEIWFAQEFRRAGDEFNAYYARRV,0.5078588329028131,8.34125804901123,-0.8769230769230769,3279.6454
MRPEIWAAQEADRAGDEFNAYYARRV,-1.4910104062573417,4.935807228088377,-0.9153846153846155,3086.3553
MRPEIWFAQELDRIGDENNAYYARRV,-1.4910104062573417,4.935807228088377,-0.9384615384615386,3213.5394
MRPEIWIAQELRRIGNEFNAYYARRV,1.5067380719629684,9.961541938781735,-0.6692307692307693,3252.7079000000003
MRPEIWIAQVLRRIGDEFNAYYARRV,1.5050483709296025,9.961541938781735,-0.3730769230769232,3223.7097
MRPEIWIAQEFDRIGDEVNAYYARRV,-1.4910104062573417,4.935807228088377,-0.6153846153846154,3198.5678
MRPEIWIAQEFRRFGDEVNAYYARRV,0.5078588329028131,8.34125804901123,-0.7192307692307692,3273.6823
MRPEIWAAQEIDRFGDENNAYYARRV,-1.4910104062573417,4.935807228088377,-1.0153846153846156,3171.4597000000003
MRPEIWIAQEFRRDGDENNAYYARRV,-0.4910204061573431,6.039108848571778,-1.2576923076923074,3256.5675
MRPEIWEAQELRRIGDEFNAYYARRV,-0.4893307051239768,6.071734428405762,-0.9769230769230769,3269.6491
MRPEIWIAQEADRAGDEVNAYYARRV,-1.4910104062573417,4.935807228088377,-0.7576923076923078,3080.3922
MRPEIWFAQEFRRNGDEFNAYYARRV,0.5078588329028131,8.34125804901123,-1.0807692307692307,3322.6701000000003
MRPEIWIAQEFDRNGDEFNAYYARRV,-1.4910104062573417,4.935807228088377,-0.9769230769230769,3247.5555999999997
MRPEIWIAQEFRRNGDENNAYYARRV,0.5078588329028131,8.34125804901123,-1.2576923076923074,3255.5827000000004
MRPEIWFAQEIRRDGDENNAYYARRV,-0.4910204061573431,6.039108848571778,-1.2576923076923074,3256.5675
MRPEIWIAQELRRIGDSFNAYYARRV,1.5050483709296025,9.961541938781735,-0.5653846153846155,3211.656
MRPEIWFAQEARRDGDEVNAYYARRV,-0.4910204061573431,6.039108848571778,-1.0653846153846156,3199.5161999999996
MRPEIWFAQEIRRFGDEVNAYYARRV,0.5078588329028131,8.34125804901123,-0.7192307692307692,3273.6823
MRPEIWAAQEFRRIGDEVNAYYARRV,0.5078588329028131,8.34125804901123,-0.7576923076923078,3197.5864
MRPEIWIDQELRRIGDEFNAYYARRV,-0.4910204061573431,6.039108848571778,-0.8730769230769232,3297.7022
MRPEIWIAQEIDRFGDENNAYYARRV,-1.4910104062573417,4.935807228088377,-0.9115384615384616,3213.5394
MRPEIWIAQEADRFGDEFNAYYARRV,-1.4910104062573417,4.935807228088377,-0.7730769230769231,3204.5308999999997
MRPEIWIKQELRRIGDEFNAYYARRV,1.506859831903812,9.684585762023925,-0.8884615384615385,3310.7871
STKKLSECLKRIGDELM,0.45398015110785117,7.900874519348145,-0.5352941176470588,1951.3123999999998
EIWIAQELRRIGDEFNAYYAR,-1.1584586981137468,4.871181297302246,-0.6142857142857144,2613.8791
MRPEIWIAQEIDRAGDENNAYYARRV,-1.4910104062573417,4.935807228088377,-0.9500000000000001,3137.4435
MRPEIWIAQELDRNGDEFNAYYARRV,-1.4910104062573417,4.935807228088377,-0.9384615384615385,3213.5393999999997
STKKLSECLKRIGDEM,0.45398015110785117,7.900874519348145,-0.80625,1838.1547999999998
MRPEIWIAQELRRTGDEFNAYYARRV,0.5078588329028131,8.34125804901123,-0.8692307692307693,3241.639
MRPEIWIAQEYRRIGDEFNAYYARRV,0.506859831903812,8.25209827423096,-0.8653846153846154,3303.7083
MRPEIWAAQELRRFGDEFNAYYARRV,0.5078588329028131,8.34125804901123,-0.8384615384615386,3245.6292000000003
MRPEIWIAQEFRRAGDEVNAYYARRV,0.5078588329028131,8.34125804901123,-0.7576923076923078,3197.5863999999997
MRPEIWFAQEFDRIGDEVNAYYARRV,-1.4910104062573417,4.935807228088377,-0.6807692307692309,3232.584
MRPEIWAAQEADRDGDENNAYYARRV,-2.489889645317497,4.593750190734863,-1.3615384615384611,3097.2936
MRPEIWIAQEFDRFGDEVNAYYARRV,-1.4910104062573417,4.935807228088377,-0.6807692307692309,3232.584
MRPEIWAAQELRRIGDENNAYYARRV,0.5078588329028131,8.34125804901123,-1.0153846153846156,3178.5418000000004
MRPEIWIAQEADRFGDENNAYYARRV,-1.4910104062573417,4.935807228088377,-1.0153846153846156,3171.4597
MRPEIWIAQELRRNGDEFNAYYARRV,0.5078588329028131,8.34125804901123,-0.9769230769230769,3254.6376999999998
MRPEIWIAQELRRIVDEFNAYYARRV,0.5078588329028131,8.34125804901123,-0.49230769230769234,3295.7724
MRPEIWAAQEFDRNGDEVNAYYARRV,-1.4910104062573417,4.935807228088377,-1.026923076923077,3157.4330999999997
MRPEIWAAQEIRRFGDEFNAYYARRV,0.5078588329028131,8.34125804901123,-0.8115384615384615,3245.6292000000003
MRPEIWIYQELRRIGDEFNAYYARRV,0.506859831903812,8.25209827423096,-0.7884615384615384,3345.788
