Sequence,Net_Charge_at_pH_7,Isoelectric_Point,GRAVY,Molecular_Weight,Group,Instability_Index,ACP_Scores
MRPEIWIAQLLRRIGDEFNAYYARRV,1.5050483709296023,9.961541938781735,-0.3884615384615385,3237.7363,Training Peptides,93.53846153846155,
MRPEIWIAQELRRIGDEINAYYARRV,0.5078588329028131,8.34125804901123,-0.6038461538461538,3219.6765,Training Peptides,108.35384615384618,
MRPEIWIAQEFRRAGDEFNAYYARRV,0.5078588329028131,8.34125804901123,-0.8115384615384615,3245.6292,Training Peptides,93.53846153846155,
MRPEIWIAQELRRFGDEFNAYYAR,-0.4921311671971855,6.014099693298339,-0.7833333333333333,3032.3922,Training Peptides,84.65833333333335,
MRPEIWAAQEFRRFGDEVNAYYARRV,0.5078588329028131,8.34125804901123,-0.8230769230769233,3231.6026,Training Peptides,87.75769230769232,0.5
NLWAAQRYGRELRRMSDEFEGSFKGL,0.7676157594507718,8.586882591247559,-0.9769230769230768,3117.4554000000003,Training Peptides,44.06923076923077,0.5
MRPEIWFAQELRRFGDEFNAYYARRV,0.5078588329028131,8.34125804901123,-0.8000000000000002,3321.7251,Training Peptides,100.94615384615386,
LRPEIRIARELRRIGDEFNE,-0.2223484967105271,6.390942192077637,-0.99,2482.7960000000003,Training Peptides,85.35000000000001,
MRPEIWIAQELKRIGDEFNAYYARRV,0.5068698318038134,8.252807426452637,-0.6461538461538462,3225.6793,Training Peptides,80.78076923076925,
MRPEIWFAQEARRIGDENNAYYARRV,0.5078588329028131,8.34125804901123,-1.053846153846154,3212.558,Training Peptides,93.53846153846155,
MRPEIWIAQELRRDGDEFNAYYARRV,-0.4910204061573431,6.039108848571778,-0.9769230769230768,3255.6225,Training Peptides,100.94615384615386,
MRPEIWIAQGLRRIGDEFNAYYARRV,1.5050483709296023,9.961541938781735,-0.55,3181.63,Training Peptides,93.53846153846155,
MRPEIWFAQEFDRFGDEVNAYYARRV,-1.4910104062573415,4.935807228088377,-0.7461538461538464,3266.6002,Training Peptides,73.35384615384616,0.51
MRPEIWIAQELRRNGDEVNAYYARRV,0.5078588329028131,8.34125804901123,-0.9230769230769232,3206.5949,Training Peptides,99.91153846153848,
MRPEIWAAQEFRRNGDEFNAYYARRV,0.5078588329028131,8.34125804901123,-1.1192307692307693,3246.5742,Training Peptides,86.72307692307693,
MRPEIWIAQELRRIGDEYNAYYARRV,0.506859831903812,8.25209827423096,-0.8269230769230771,3269.6921,Training Peptides,100.94615384615386,
MRPEIWFAQELDRNGDEFNAYYARRV,-1.4910104062573415,4.935807228088377,-1.0038461538461538,3247.5556,Training Peptides,67.57307692307693,
MRPEIWFAQEIDRIGDENNAYYARRV,-1.4910104062573415,4.935807228088377,-0.9115384615384616,3213.5394,Training Peptides,76.01538461538462,
MRPEIWFAQELDRFGDEVNAYYARRV,-1.4910104062573415,4.935807228088377,-0.7076923076923077,3232.584,Training Peptides,68.6076923076923,
MRPEIWWAQELRRIGDEFNAYYARRV,0.5078588329028131,8.34125804901123,-0.8769230769230771,3326.7450000000003,Training Peptides,95.16538461538462,
MRPEIWIAQEFDRDGDEFNAYYARRV,-2.489889645317497,4.593750190734863,-0.9769230769230768,3248.5404,Training Peptides,73.35384615384616,
MRPEIWFAQELRRAGDENNAYYARRV,0.5078588329028131,8.34125804901123,-1.0807692307692307,3212.558,Training Peptides,100.94615384615386,0.51
STKKLSECLKRIGDELDSNM,-0.544899087952305,5.935605049133301,-0.8450000000000001,2267.5797,Training Peptides,68.17,
MRPEIWIAQELRRLGDEFNAYYARRV,0.5078588329028131,8.34125804901123,-0.6961538461538462,3253.6927,Training Peptides,100.94615384615386,
MRPEIWRAQELRRIGDEFNAYYARRV,1.5078488330028117,9.954450416564942,-1.015384615384615,3296.7208,Training Peptides,100.94615384615386,
MRPEIWIAQELDRFGDEVNAYYARRV,-1.4910104062573415,4.935807228088377,-0.6423076923076925,3198.5678,Training Peptides,68.6076923076923,
MRPEIWAAQEIDRIGDEFNAYYARRV,-1.4910104062573415,4.935807228088377,-0.7076923076923077,3170.5147,Training Peptides,70.2346153846154,
MRPEIWFAQELDRNGDEVNAYYARRV,-1.4910104062573415,4.935807228088377,-0.95,3199.5127999999995,Training Peptides,67.57307692307693,
MRPEIWIAQEWRRIGDEFNAYYARRV,0.5078588329028131,8.34125804901123,-0.8500000000000001,3326.745,Training Peptides,87.75769230769232,
MRPEIWIAQELRRIGDKFNAYYAR,1.5040593698306028,9.687615776062014,-0.7291666666666666,2997.4343000000003,Training Peptides,81.12083333333335,
PQMVILQLLRFIFRLEWRRH,3.048473518206148,11.999967765808105,0.0850000000000001,2652.2151,Training Peptides,85.445,
MRPEIWAAQEFDRIGDENNAYYARRV,-1.4910104062573415,4.935807228088377,-1.0153846153846156,3171.4597000000003,Training Peptides,67.57307692307693,
MRPEIWIAQELRRIEDEFNAYYARRV,-0.4893307051239768,6.071734428405762,-0.7884615384615384,3325.7554,Training Peptides,125.25384615384615,
MRPEIWIAQELRRNGDENNAYYARRV,0.5078588329028131,8.34125804901123,-1.2192307692307691,3221.5665,Training Peptides,99.91153846153848,
MRPEIWAAQEFDRDGDEFNAYYARRV,-2.489889645317497,4.593750190734863,-1.0807692307692307,3206.4607,Training Peptides,67.57307692307693,0.55
MRPEIWAAQEADRNGDEVNAYYARRV,-1.4910104062573415,4.935807228088377,-1.0653846153846156,3081.3372,Training Peptides,58.52692307692308,0.6
MRPEIWAAQEIRRDGDEFNAYYARRV,-0.4910204061573431,6.039108848571778,-1.053846153846154,3213.5428,Training Peptides,95.16538461538462,0.52
NLWAAQRYGRELRRMSDEFVDSFKK,1.7649270574184053,9.69038791656494,-1.124,3103.4719,Training Peptides,50.519999999999996,0.8
MRPEIWFAQEARRFGDENNAYYARRV,0.5078588329028131,8.34125804901123,-1.1192307692307697,3246.5742,Training Peptides,93.53846153846155,
MRPEIWFAQEADRIGDEVNAYYARRV,-1.4910104062573415,4.935807228088377,-0.7192307692307693,3156.4881,Training Peptides,65.3423076923077,0.51
MRPEIWFAQEFDRFGDEFNAYYARRV,-1.4910104062573415,4.935807228088377,-0.8000000000000002,3314.643,Training Peptides,73.35384615384616,
MRPEIWIAQELRRHGDEFNAYYARRV,0.5950330211574002,8.362274742126466,-0.9653846153846154,3277.6744,Training Peptides,104.36538461538463,0.51
MRPEIWIAQELRRITDEFNAYYARRV,0.5078588329028131,8.34125804901123,-0.6807692307692308,3297.7453,Training Peptides,100.94615384615386,
MRPEIWIAQELDRAGDEVNAYYARRV,-1.4910104062573415,4.935807228088377,-0.6807692307692309,3122.4719,Training Peptides,68.6076923076923,
MRPEIWAAQEFRRFGDEFNAYYARRV,0.5078588329028131,8.34125804901123,-0.8769230769230771,3279.6454000000003,Training Peptides,87.75769230769232,
MRPEIWIRQELRRIGDEFNAYYARRV,1.5078488330028117,9.954450416564942,-0.9115384615384616,3338.8005000000003,Training Peptides,108.35384615384618,
EIWIAQELRSRGDSFNAYYAR,-0.1612691600869573,6.279083061218262,-0.7380952380952381,2545.7621,Training Peptides,89.41428571428571,
IWIAQELRRAGDEFNAYY,-1.2351747027224365,4.679122352600097,-0.5222222222222223,2215.4218000000005,Training Peptides,69.52222222222224,
MRPEIWIAQEARRDGDEVNAYYARRV,-0.4910204061573431,6.039108848571778,-1.0,3165.4999999999995,Training Peptides,93.53846153846155,
MRPEIWGAQELRRIGDEFNAYYARRV,0.5078588329028131,8.34125804901123,-0.8576923076923079,3197.5864,Training Peptides,93.69230769230771,
MRPEIWIAQEIRRAGDEFNAYYARRV,0.5078588329028131,8.34125804901123,-0.7461538461538463,3211.613,Training Peptides,100.94615384615386,
MRPEIWFAQELDRNGDENNAYYARRV,-1.4910104062573415,4.935807228088377,-1.2461538461538462,3214.4844,Training Peptides,67.57307692307693,
MRPEIWIAQEFDRAGDEFNAYYARRV,-1.4910104062573415,4.935807228088377,-0.7730769230769231,3204.5309,Training Peptides,73.35384615384616,
MRPEIWAAQEIDRNGDENNAYYARRV,-1.4910104062573415,4.935807228088377,-1.2576923076923074,3138.3885,Training Peptides,69.20000000000002,0.55
MRPEIWFAQEADRAGDEVNAYYARRV,-1.4910104062573415,4.935807228088377,-0.8230769230769232,3114.4084,Training Peptides,65.3423076923077,0.58
MRPEIWIAQETRRIGDEFNAYYARRV,0.5078588329028131,8.34125804901123,-0.8423076923076922,3241.639,Training Peptides,93.53846153846155,
MRPEIWFAQEADRDGDEVNAYYARRV,-2.489889645317497,4.593750190734863,-1.026923076923077,3158.4178999999995,Training Peptides,65.3423076923077,0.54
MRPEIWIAQELGRIGDEFNAYYARRV,-0.4921311671971855,6.014099693298339,-0.5115384615384616,3154.5583,Training Peptides,71.50769230769232,
TKKLSECLKRIGDEL,0.3920302862568805,7.84755916595459,-0.6799999999999999,1733.0391,Training Peptides,74.72,
RNIARHLAQVGDSMDR,0.8494873246235755,9.516774559020996,-0.86875,1839.0449,Training Peptides,53.893750000000004,0.77
RPEIWYAQEIRRFGDEFNAYYAR,-0.2333832415482293,6.255324363708497,-1.1217391304347826,2951.2118000000005,Training Peptides,101.47826086956523,
RPEIWYAQGLKRIGDEFNAYYAR,0.7628172953795609,8.429450798034669,-0.917391304347826,2817.1195,Training Peptides,70.30869565217392,
MRPEIWIAQELRRIGKEFNAYYARRV,2.5057390709639678,10.24610538482666,-0.6846153846153846,3266.7776000000003,Training Peptides,97.68076923076924,
IWIAQELRRIGDEQNAYY,-1.2351747027224365,4.679122352600097,-0.7222222222222222,2238.4569000000006,Training Peptides,80.22222222222223,
MRPEIWIAQEIRRDGDEVNAYYARRV,-0.4910204061573431,6.039108848571778,-0.8961538461538463,3207.5797,Training Peptides,100.94615384615386,
IWIAQELRRIGDEFNAYK,-0.235174702722436,6.181319999694824,-0.5166666666666666,2222.5006000000008,Training Peptides,62.66666666666668,
EIWIAQELRRIGDSFNAYYAR,-0.1612691600869573,6.279083061218262,-0.4857142857142857,2571.8424,Training Peptides,90.63809523809523,
MRPEIWIAQEVRRIGDEFNAYYARRV,0.5078588329028131,8.34125804901123,-0.653846153846154,3239.6661,Training Peptides,93.53846153846155,
MRPEIWIAQESRRIGDEFNAYYARRV,0.5078588329028131,8.34125804901123,-0.8461538461538461,3227.6124,Training Peptides,108.35384615384618,
MRPEIWIAQELRRIGHEFNAYYARRV,1.5939122602175555,9.961606407165526,-0.6576923076923078,3275.7446,Training Peptides,100.94615384615386,
MRPEIWPAQELRRIGDEFNAYYARRV,0.5078588329028131,8.34125804901123,-0.903846153846154,3237.6503,Training Peptides,108.35384615384618,
MRPEIWIAQELVRIGDEFNAYYARRV,-0.4921311671971855,6.014099693298339,-0.3346153846153847,3196.638,Training Peptides,71.50769230769232,
MRPEIWIAQENRRIGDEFNAYYARRV,0.5078588329028131,8.34125804901123,-0.95,3254.6377,Training Peptides,93.53846153846155,
MRPEIWAAQEFRRAGDEFNAYYARRV,0.5078588329028131,8.34125804901123,-0.9153846153846156,3203.5495,Training Peptides,87.75769230769232,
MRPEIWFAQEADRFGDENNAYYARRV,-1.4910104062573415,4.935807228088377,-1.080769230769231,3205.4759,Training Peptides,65.3423076923077,0.54
MRPEIWFAQEADRIGDENNAYYARRV,-1.4910104062573415,4.935807228088377,-1.0153846153846156,3171.4597,Training Peptides,65.3423076923077,0.5
AELEVECATQLRRFGDKLNFRQKL,0.7934977429165482,8.241074180603029,-0.6583333333333332,2865.2703000000006,Training Peptides,47.79166666666668,
MRPEIWFAQEFDRAGDEFNAYYARRV,-1.4910104062573415,4.935807228088377,-0.8384615384615385,3238.5471,Training Peptides,73.35384615384616,0.5
MRPEIWIAQELDRNGDENNAYYARRV,-1.4910104062573415,4.935807228088377,-1.1807692307692308,3180.4682,Training Peptides,67.57307692307693,
MRPEIWFAQEADRNGDENNAYYARRV,-1.4910104062573415,4.935807228088377,-1.323076923076923,3172.4047,Training Peptides,64.30769230769232,0.54
MRPEIWIAQELRREGDEFNAYYARRV,-0.4893307051239768,6.071734428405762,-0.9769230769230768,3269.6491,Training Peptides,100.94615384615386,
MRPEIWFAQELDRDGDENNAYYARRV,-2.489889645317497,4.593750190734863,-1.2461538461538462,3215.4692,Training Peptides,68.6076923076923,
DMRPEIYIAQELRRIGDEFNAY,-2.2312534797093835,4.513323020935059,-0.7727272727272726,2699.9899000000005,Training Peptides,75.07272727272728,
RRRRRRRRGCSTKKLSECLKRIGDELDSNM,7.745075077720381,11.48389835357666,-1.6933333333333331,3677.259500000001,Training Peptides,179.6033333333333,
MRPEIWFAQEIRRAGDENNAYYARRV,0.5078588329028131,8.34125804901123,-1.053846153846154,3212.558,Training Peptides,100.94615384615386,0.57
MRPEIWIAQEARRIGDEVNAYYARRV,0.5078588329028131,8.34125804901123,-0.6923076923076923,3163.5702,Training Peptides,93.53846153846155,
MRPEIWFAQELDRAGDEFNAYYARRV,-1.4910104062573415,4.935807228088377,-0.8,3204.5309,Training Peptides,68.6076923076923,
MRPEIWIAQELRRILDEFNAYYARRV,0.5078588329028131,8.34125804901123,-0.5076923076923077,3309.799,Training Peptides,108.35384615384618,
PQMVILQLLRFIFRLVWRRH,4.045663056232938,11.999967765808105,0.4700000000000003,2622.2321,Training Peptides,92.96000000000001,
KKLSECLKRIGDELDS,-0.2449439329806013,6.206442832946778,-0.8625,1834.0999,Training Peptides,82.7125,
MRPEIWAAQEFRRDGDEVNAYYARRV,-0.4910204061573431,6.039108848571778,-1.0653846153846156,3199.5162,Training Peptides,87.75769230769232,0.51
MRPEIWIAQDLRRIGDEFNAYYARRV,0.5061691318694468,8.340871238708495,-0.6692307692307693,3239.6661,Training Peptides,100.94615384615386,
MRPEIWIAQELHRIGDEFNAYYARRV,-0.4049569789425984,6.524627494812012,-0.6192307692307693,3234.6463,Training Peptides,71.50769230769232,
MRPEIWAAQEFDRAGDENNAYYARRV,-1.4910104062573415,4.935807228088377,-1.1192307692307693,3129.38,Training Peptides,67.57307692307693,0.56
RPEIWYAQELGRAGDEFNAYYAR,-1.2333732416482284,4.870669746398924,-1.017391304347826,2775.9815000000003,Training Peptides,68.2,
MRPEIWAAQEADRDGDEFNAYYARRV,-2.489889645317497,4.593750190734863,-1.1192307692307693,3130.3648,Training Peptides,59.56153846153847,0.56
MRPEIWYAQELRRIGDEFNAYYARRV,0.506859831903812,8.25209827423096,-0.8923076923076925,3303.7083,Training Peptides,110.05384615384615,
MRPEIWFAQEFDRDGDEVNAYYARRV,-2.489889645317497,4.593750190734863,-0.9884615384615386,3234.5138,Training Peptides,73.35384615384616,0.5
MRPEIWAAQEADRNGDENNAYYARRV,-1.4910104062573415,4.935807228088377,-1.3615384615384611,3096.3088,Training Peptides,58.52692307692308,0.58
MRPEIWAAQEIDRNGDEVNAYYARRV,-1.4910104062573415,4.935807228088377,-0.9615384615384616,3123.4169,Training Peptides,69.20000000000002,0.55
MRPEIWIAQELYRIGDEFNAYYARRV,-0.4931301681961866,6.013872337341308,-0.5461538461538462,3260.6802,Training Peptides,65.00384615384617,
MRPEIWIAQELPRIGDEFNAYYARRV,-0.4921311671971855,6.014099693298339,-0.5576923076923078,3194.6222,Training Peptides,76.01538461538462,
MRPEIWTAQELRRIGDEFNAYYARRV,0.5078588329028131,8.34125804901123,-0.8692307692307693,3241.639,Training Peptides,95.16538461538462,
MRPEIWSAQELRRIGDEFNAYYARRV,0.5078588329028131,8.34125804901123,-0.8730769230769232,3227.6124000000004,Training Peptides,100.94615384615386,
MRPEIWIAQELRRIGDEENAYYARRV,-0.4893307051239768,6.071734428405762,-0.9115384615384616,3235.6329,Training Peptides,113.48461538461541,
MRPEIWISQELRRIGDEFNAYYARRV,0.5078588329028131,8.34125804901123,-0.7692307692307694,3269.6921,Training Peptides,108.35384615384618,
MRPEIWIWQELRRIGDEFNAYYARRV,0.5078588329028131,8.34125804901123,-0.7730769230769231,3368.8247,Training Peptides,100.94615384615386,
MRPEIWFAQEADRNGDEVNAYYARRV,-1.4910104062573415,4.935807228088377,-1.026923076923077,3157.4331,Training Peptides,64.30769230769232,0.53
RPEIWMTQELRRIGDEFNAYYAR,-0.2323842405492282,6.256063270568848,-1.0478260869565217,2915.2444000000005,Training Peptides,96.94782608695654,0.51
MRPEIWAAQEARRDGDEVNAYYARRV,-0.4910204061573431,6.039108848571778,-1.103846153846154,3123.4203,Training Peptides,87.75769230769232,0.52
MRPEIWAAQELRRFGDEVNAYYARRV,0.5078588329028131,8.34125804901123,-0.7846153846153848,3197.5864,Training Peptides,95.16538461538462,0.54
MRPEIWFAQEFDRNGDEFNAYYARRV,-1.4910104062573415,4.935807228088377,-1.0423076923076924,3281.5718,Training Peptides,72.31923076923077,
MRPEIWIAQELRRIYDEFNAYYARRV,0.506859831903812,8.25209827423096,-0.7038461538461539,3359.8146,Training Peptides,110.05384615384618,
STKKLECLKRIGDELDSNM,-0.544899087952305,5.935605049133301,-0.8473684210526317,2180.5024,Training Peptides,61.094736842105256,
RPEIWITQELRRIGDEINAYYAR,-0.2323842405492282,6.256063270568848,-0.8608695652173912,2863.1898,Training Peptides,96.27826086956523,
MRPEIWVAQELRRIGDEFNAYYARRV,0.5078588329028131,8.34125804901123,-0.6807692307692309,3239.6661000000004,Training Peptides,97.68076923076924,
MRPEIWFAQEARRIGDEFNAYYARRV,0.5078588329028131,8.34125804901123,-0.8115384615384615,3245.6292,Training Peptides,93.53846153846155,
MRPEIWFAQEFRRFGDEVNAYYARRV,0.5078588329028131,8.34125804901123,-0.7846153846153848,3307.6985,Training Peptides,93.53846153846155,
MRPEIWIAQELIRIGDEFNAYYARRV,-0.4921311671971855,6.014099693298339,-0.3230769230769231,3210.6646,Training Peptides,71.50769230769232,
MRPEIWIAQELRRNGDEFNAYYARRV,0.5078588329028131,8.34125804901123,-0.9769230769230768,3254.6377,Training Peptides,99.91153846153848,
MRPEIWIAQYLRRIGDEFNAYYARRV,1.504049369930602,9.684585762023923,-0.5846153846153848,3287.7519,Training Peptides,90.63846153846156,
PQMVILQLLAFIFALVWRRH,2.0456830560329404,11.999967765808105,1.1000000000000003,2452.0165,Training Peptides,83.33,
MRPEIWIAQELRRIGDDFNAYYARRV,0.5061691318694468,8.340871238708495,-0.6692307692307693,3239.6661,Training Peptides,98.04615384615387,
MRPEIWFAQEADRIGDEFNAYYARRV,-1.4910104062573415,4.935807228088377,-0.7730769230769231,3204.5309,Training Peptides,65.3423076923077,
MRPEIWFAQEIDRAGDEVNAYYARRV,-1.4910104062573415,4.935807228088377,-0.7192307692307692,3156.4881,Training Peptides,76.01538461538462,0.53
AELEVEYATQLRRFGDKLNFRQKL,0.802399732016557,8.539047050476075,-0.8166666666666668,2925.3006000000005,Training Peptides,39.350000000000016,
MRPEIWAAQEIRRIGDEVNAYYARRV,0.5078588329028131,8.34125804901123,-0.6923076923076923,3163.5702,Training Peptides,95.16538461538462,0.52
MRPEIWIAQELRRIGAEFNAYYARRV,1.5067380719629684,9.961541938781735,-0.4653846153846154,3209.6832,Training Peptides,97.68076923076924,
MRPEIWIAQEFRRFGDENNAYYARRV,0.5078588329028131,8.34125804901123,-1.0153846153846156,3288.6539,Training Peptides,93.53846153846155,
MRPEIWFAQEADRFGDEVNAYYARRV,-1.4910104062573415,4.935807228088377,-0.7846153846153848,3190.5043,Training Peptides,65.3423076923077,0.54
RPEIWYAQGLKRFGDEFNAYKAR,1.7628172953795604,9.522576713562014,-1.1043478260869564,2816.1348000000003,Training Peptides,54.647826086956535,
MRPEIWAAQEARRIGDENNAYYARRV,0.5078588329028131,8.34125804901123,-1.0923076923076924,3136.4621,Training Peptides,87.75769230769232,
MRPEIWIAQELRRQGDEFNAYYARRV,0.5078588329028131,8.34125804901123,-0.9769230769230768,3268.6643,Training Peptides,108.35384615384618,
MRPEIWAAQEIDRDGDEFNAYYARRV,-2.489889645317497,4.593750190734863,-1.015384615384615,3172.4445,Training Peptides,70.2346153846154,0.53
MRPEIWFAQELRRDGDEVNAYYARRV,-0.4910204061573431,6.039108848571778,-0.9884615384615386,3241.5959,Training Peptides,100.94615384615386,
MRPEIWAAQEARRNGDEFNAYYARRV,0.5078588329028131,8.34125804901123,-1.1576923076923076,3170.4783,Training Peptides,86.72307692307693,
IWIAQELRRIGDEFNAYY,-1.2351747027224365,4.679122352600097,-0.3722222222222222,2257.5015000000008,Training Peptides,69.52222222222224,
MRPEIWAAQEADRAGDEVNAYYARRV,-1.4910104062573415,4.935807228088377,-0.8615384615384616,3038.3125,Training Peptides,59.56153846153847,0.63
MRPEIWFAQEIRRFGDEFNAYYARRV,0.5078588329028131,8.34125804901123,-0.7730769230769231,3321.7251,Training Peptides,100.94615384615386,0.53
PQMVILQLLRFEFRLVWRRH,3.048473518206148,11.999967765808105,0.0700000000000001,2638.1885,Training Peptides,92.96000000000001,
MRPEIWAAQEADRFGDEFNAYYARRV,-1.4910104062573415,4.935807228088377,-0.8769230769230771,3162.4512,Training Peptides,59.56153846153847,0.55
MRPEIWIAQELRRIWDEFNAYYARRV,0.5078588329028131,8.34125804901123,-0.6884615384615386,3382.8513,Training Peptides,100.94615384615386,
MRPEIWIAQELRRIGREFNAYYARRV,2.506728072062967,10.73651638031006,-0.7076923076923077,3294.791,Training Peptides,100.94615384615386,
QDASTKKLSECLKRIGDELDS,-1.2438231720407569,4.863735389709471,-0.9761904761904762,2336.5756,Training Peptides,74.57142857142857,
MRPEIWAAQELDRDGDEVNAYYARRV,-2.489889645317497,4.593750190734863,-0.9884615384615386,3124.4017,Training Peptides,62.82692307692309,
MRPEIWFAQEARRAGDENNAYYARRV,0.5078588329028131,8.34125804901123,-1.1576923076923076,3170.4783,Training Peptides,93.53846153846155,
MRPEIWIAQEIRRNGDENNAYYARRV,0.5078588329028131,8.34125804901123,-1.1923076923076923,3221.5665,Training Peptides,99.91153846153848,0.51
MRPEIWFAQELRRNGDENNAYYARRV,0.5078588329028131,8.34125804901123,-1.2846153846153845,3255.5827000000004,Training Peptides,99.91153846153848,0.5
MRPEIWIAQELRRAGDENNAYYARRV,0.5078588329028131,8.34125804901123,-1.0153846153846156,3178.5418,Training Peptides,100.94615384615386,
MRPEIWIAQEIDRNGDENNAYYARRV,-1.4910104062573415,4.935807228088377,-1.153846153846154,3180.4682,Training Peptides,74.98076923076924,0.5
MRPEIWIAQEADRDGDENNAYYARRV,-2.489889645317497,4.593750190734863,-1.2576923076923074,3139.3733,Training Peptides,65.3423076923077,0.51
MRPEIWFAQEIRRIGDEFNAYYARRV,0.5078588329028131,8.34125804901123,-0.7076923076923077,3287.7089,Training Peptides,100.94615384615386,
MRPEIWIAQEADRFGDEVNAYYARRV,-1.4910104062573415,4.935807228088377,-0.7192307692307692,3156.4881,Training Peptides,65.3423076923077,0.53
MRPEIWAAQEFDRAGDEFNAYYARRV,-1.4910104062573415,4.935807228088377,-0.8769230769230769,3162.4512,Training Peptides,67.57307692307693,0.54
MRPEIWFAQEADRDGDENNAYYARRV,-2.489889645317497,4.593750190734863,-1.323076923076923,3173.3895,Training Peptides,65.3423076923077,0.52
MRPEIWFAQEIDRNGDENNAYYARRV,-1.4910104062573415,4.935807228088377,-1.2192307692307691,3214.4844,Training Peptides,74.98076923076924,0.52
MRPEIWIAQELRRIGDEVNAYYARRV,0.5078588329028131,8.34125804901123,-0.6153846153846154,3205.6499,Training Peptides,100.94615384615386,
MRPEIWFAQEADRDGDEFNAYYARRV,-2.489889645317497,4.593750190734863,-1.0807692307692307,3206.4607,Training Peptides,65.3423076923077,0.5
IAQELRRIGDEFNA,-1.2331767007244343,4.679122352600097,-0.55,1631.7876,Training Peptides,77.71428571428572,
MRPEIWIAQEADRNGDEFNAYYARRV,-1.4910104062573415,4.935807228088377,-1.015384615384615,3171.4597,Training Peptides,64.30769230769232,
MRPEIWAAQEADRFGDENNAYYARRV,-1.4910104062573415,4.935807228088377,-1.1192307692307697,3129.38,Training Peptides,59.56153846153847,0.57
MRPEIWFAQEFRRIGDEFNAYYARRV,0.5078588329028131,8.34125804901123,-0.7730769230769231,3321.7251,Training Peptides,93.53846153846155,
MRPEIWAAQEIRRDGDEVNAYYARRV,-0.4910204061573431,6.039108848571778,-1.0,3165.5,Training Peptides,95.16538461538462,0.54
MRPEIWFAQEFRRIGDENNAYYARRV,0.5078588329028131,8.34125804901123,-1.0153846153846156,3288.6539,Training Peptides,93.53846153846155,
MRPEIWIAQEIRRDGDENNAYYARRV,-0.4910204061573431,6.039108848571778,-1.1923076923076923,3222.5513,Training Peptides,100.94615384615386,
MRPEIWIAQEFRRFGDEFNAYYARRV,0.5078588329028131,8.34125804901123,-0.7730769230769231,3321.7251,Training Peptides,93.53846153846155,
LWAAQRYGRELRRMSDEFEGSFKGL,0.7676157594507718,8.586882591247559,-0.8759999999999997,3003.352800000001,Training Peptides,45.432,
LRPEIRYAQELRRIGDEFNE,-1.2233374978095275,5.160093879699706,-1.23,2504.7551000000008,Training Peptides,103.05000000000001,
QRYGRELRRMSDEFEG,-0.2313852395502271,6.2568021774292,-1.86875,2029.1972,Training Peptides,74.65625,
MRPEIWAAQELRRDGDENNAYYARRV,-0.4910204061573431,6.039108848571778,-1.323076923076923,3180.4716000000003,Training Peptides,95.16538461538462,0.51
MRPEIWIAQELRRIGDETNAYYARRV,0.5078588329028131,8.34125804901123,-0.8038461538461539,3207.6228,Training Peptides,95.16538461538464,
IWIAEELRRIGDEFNAYY,-2.232364240749226,4.407318305969238,-0.3722222222222222,2258.4863000000005,Training Peptides,76.93333333333334,
MRPEIWIAQEFRRAGDENNAYYARRV,0.5078588329028131,8.34125804901123,-1.053846153846154,3212.558,Training Peptides,93.53846153846155,
MRPEIWIAQEPRRIGDEFNAYYARRV,0.5078588329028131,8.34125804901123,-0.8769230769230769,3237.6503,Training Peptides,98.04615384615386,
IWYAQGLKRFGDEFNAYK,0.7600268332063527,8.430417823791508,-0.7277777777777777,2206.4563000000007,Training Peptides,35.99444444444444,
MRPEIWAAQELRRNGDEFNAYYARRV,0.5078588329028131,8.34125804901123,-1.0807692307692307,3212.558,Training Peptides,94.13076923076925,
MRPEIWFAQEFRRNGDENNAYYARRV,0.5078588329028131,8.34125804901123,-1.323076923076923,3289.5989000000004,Training Peptides,92.50384615384617,
MRPEIWFAQEIDRAGDENNAYYARRV,-1.4910104062573415,4.935807228088377,-1.0153846153846156,3171.4597,Training Peptides,76.01538461538462,0.55
MRPEIWDAQELRRIGDEFNAYYARRV,-0.4910204061573431,6.039108848571778,-0.9769230769230768,3255.6225000000004,Training Peptides,100.94615384615386,
MRPEIWILQELRRIGDEFNAYYARRV,0.5078588329028131,8.34125804901123,-0.5923076923076924,3295.7724000000003,Training Peptides,120.8923076923077,
IAQELRRIGDEF,-1.2331767007244343,4.679122352600097,-0.5000000000000001,1446.6071,Training Peptides,89.00000000000001,0.55
IAQELRRIGDEF,-1.2331767007244343,4.679122352600097,-0.5000000000000001,1446.6071,Training Peptides,89.00000000000001,0.55
MRPEIWIAQEADRAGDENNAYYARRV,-1.4910104062573415,4.935807228088377,-1.053846153846154,3095.3638,Training Peptides,65.3423076923077,0.55
MRPEIWIAQELRRIGFEFNAYYARRV,1.5067380719629684,9.961541938781735,-0.4269230769230769,3285.7791,Training Peptides,100.94615384615386,
MRPEIWAAQEFDRIGDEVNAYYARRV,-1.4910104062573415,4.935807228088377,-0.7192307692307693,3156.4881,Training Peptides,67.57307692307693,0.52
MRPEIWIAQEIDRDGDENNAYYARRV,-2.489889645317497,4.593750190734863,-1.153846153846154,3181.453,Training Peptides,76.01538461538462,
MRPEIWIAQELRRGGDEFNAYYARRV,0.5078588329028131,8.34125804901123,-0.8576923076923078,3197.5864,Training Peptides,102.4269230769231,
MRPEIWFAQELRRIGDEFNAYYARRV,0.5078588329028131,8.34125804901123,-0.7346153846153847,3287.7089,Training Peptides,100.94615384615386,
MRPEIWIAQEFDRDGDENNAYYARRV,-2.489889645317497,4.593750190734863,-1.2192307692307691,3215.4692,Training Peptides,73.35384615384616,
MRPEIWIAQELRRYGDEFNAYYARRV,0.506859831903812,8.25209827423096,-0.8923076923076925,3303.7083,Training Peptides,94.78076923076925,
MRPEIWIAQILRRIGDEFNAYYARRV,1.5050483709296023,9.961541938781735,-0.3615384615384616,3237.7363,Training Peptides,100.94615384615386,
MRPEIWIAQHLRRIGDEFNAYYARRV,1.5922225591841896,9.961606407165526,-0.6576923076923078,3261.718,Training Peptides,93.53846153846155,
MRPEIWAAQEIDRFGDEFNAYYARRV,-1.4910104062573415,4.935807228088377,-0.7730769230769231,3204.5309,Training Peptides,70.2346153846154,0.54
MRPEIWAAQEARRNGDENNAYYARRV,0.5078588329028131,8.34125804901123,-1.3999999999999997,3137.4071000000004,Training Peptides,86.72307692307693,0.5
MRPEIWFAQEARRDGDEFNAYYARRV,-0.4910204061573431,6.039108848571778,-1.1192307692307693,3247.559,Training Peptides,93.53846153846155,
MRPEIWIAQELRRIGDEDNAYYARRV,-0.4910204061573431,6.039108848571778,-0.9115384615384616,3221.6063,Training Peptides,108.35384615384618,
RPEIWIAQGLRRIGDTWNAYYAR,1.761994835504351,9.970760917663572,-0.7304347826086957,2806.1433,Training Peptides,75.10434782608696,
MRPEIWFAQEIDRNGDEVNAYYARRV,-1.4910104062573415,4.935807228088377,-0.9230769230769232,3199.5127999999995,Training Peptides,74.98076923076924,
MRPEIWIAQELQRIGDEFNAYYARRV,-0.4921311671971855,6.014099693298339,-0.6307692307692309,3225.6362,Training Peptides,84.04615384615386,
MRPEIWFAQEFDRFGDENNAYYARRV,-1.4910104062573415,4.935807228088377,-1.0423076923076926,3281.5718,Training Peptides,73.35384615384616,0.54
MRPEIWIAQEIDRNGDEVNAYYARRV,-1.4910104062573415,4.935807228088377,-0.8576923076923079,3165.4965999999995,Training Peptides,74.98076923076924,
MRPEIWFAQELRRNGDEVNAYYARRV,0.5078588329028131,8.34125804901123,-0.9884615384615386,3240.6111,Training Peptides,99.91153846153848,
MRPEIWITQELRRIGDEFNAYYARRV,0.5078588329028131,8.34125804901123,-0.7653846153846154,3283.7187000000004,Training Peptides,98.04615384615386,
MRPEIWAAQELDRDGDEFNAYYARRV,-2.489889645317497,4.593750190734863,-1.0423076923076924,3172.4445,Training Peptides,62.82692307692309,
MRPEIWQAQELRRIGDEFNAYYARRV,0.5078588329028131,8.34125804901123,-0.9769230769230768,3268.6643000000004,Training Peptides,100.94615384615386,
MRPEIWIAQELRRIGPEFNAYYARRV,1.5067380719629684,9.961541938781735,-0.5961538461538461,3235.7205000000004,Training Peptides,107.63076923076925,
MRPEIWAAQELDRFGDEFNAYYARRV,-1.4910104062573415,4.935807228088377,-0.8000000000000002,3204.5309,Training Peptides,62.82692307692309,
MRPEIWIAQELDRFGDEFNAYYARRV,-1.4910104062573415,4.935807228088377,-0.6961538461538462,3246.6106,Training Peptides,68.6076923076923,
MRPEIWIAQEIDRDGDEFNAYYARRV,-2.489889645317497,4.593750190734863,-0.9115384615384616,3214.5242,Training Peptides,76.01538461538462,
MRPEIWIAQELSRIGDEFNAYYARRV,-0.4921311671971855,6.014099693298339,-0.526923076923077,3184.5843,Training Peptides,78.91538461538462,
MRPEIWIAQEFDRIGDENNAYYARRV,-1.4910104062573415,4.935807228088377,-0.9115384615384616,3213.5394,Training Peptides,73.35384615384616,
STKKLSECLKRIGDELDM,-0.544899087952305,5.935605049133301,-0.7,2066.3998,Training Peptides,63.933333333333344,
NLWAARYGRELRRMSDKFVD,1.7662964980514988,9.970760917663572,-0.9599999999999996,2483.8053,Training Peptides,54.29,0.61
MRPEIWAAQELRRIGDEVNAYYARRV,0.5078588329028131,8.34125804901123,-0.7192307692307693,3163.5702,Training Peptides,95.16538461538462,0.51
MRPEIWIAQEFRRIGDEVNAYYARRV,0.5078588329028131,8.34125804901123,-0.6538461538461539,3239.6661,Training Peptides,93.53846153846155,
MRPEIWIAQELRRRGDEFNAYYARRV,1.5078488330028117,9.954450416564942,-1.015384615384615,3296.7208,Training Peptides,119.71153846153847,
MRPEIWIAQELRRVGDEFNAYYARRV,0.5078588329028131,8.34125804901123,-0.6807692307692308,3239.6661,Training Peptides,97.68076923076924,
MRPEIWIAQEIRRFGDEVNAYYARRV,0.5078588329028131,8.34125804901123,-0.653846153846154,3239.6661,Training Peptides,100.94615384615386,
MRPEIWIAQEIRRIGDEFNAYYARRV,0.5078588329028131,8.34125804901123,-0.6423076923076925,3253.6927,Training Peptides,100.94615384615386,
MRPEIWAAQEFDRDGDEVNAYYARRV,-2.489889645317497,4.593750190734863,-1.026923076923077,3158.4179,Training Peptides,67.57307692307693,0.57
MRPEIWFAQEFRRDGDEVNAYYARRV,-0.4910204061573431,6.039108848571778,-1.026923076923077,3275.6121,Training Peptides,93.53846153846155,
MRPEIWIAQEFDRNGDENNAYYARRV,-1.4910104062573415,4.935807228088377,-1.2192307692307691,3214.4844,Training Peptides,72.31923076923077,0.51
MRPEIWAAQELRRDGDEVNAYYARRV,-0.4910204061573431,6.039108848571778,-1.026923076923077,3165.5,Training Peptides,95.16538461538462,0.55
MRPEIWAAQEADRAGDENNAYYARRV,-1.4910104062573415,4.935807228088377,-1.1576923076923076,3053.2841000000003,Training Peptides,59.56153846153847,0.59
MRPEIWIAQFLRRIGDEFNAYYARRV,1.5050483709296023,9.961541938781735,-0.4269230769230769,3271.7525,Training Peptides,90.63846153846156,
MRPEIWIAQELRRWGDEFNAYYARRV,0.5078588329028131,8.34125804901123,-0.8769230769230769,3326.745,Training Peptides,118.98846153846155,
MRPEIWIAQEADRIGDEVNAYYARRV,-1.4910104062573415,4.935807228088377,-0.6538461538461539,3122.4719,Training Peptides,65.3423076923077,0.5
IWIAQELRRAGDEFNAYK,-0.235174702722436,6.181319999694824,-0.6666666666666666,2180.4209000000005,Training Peptides,62.66666666666668,
MRPEIWIAQEFRRNGDEFNAYYARRV,0.5078588329028131,8.34125804901123,-1.015384615384615,3288.6539,Training Peptides,92.50384615384617,
EIWIAQELRRRGDAFNAYYAR,0.8387208400130413,8.684165382385256,-0.7904761904761906,2598.8711,Training Peptides,104.7,
MRPEIWIAQEARRAGDENNAYYARRV,0.5078588329028131,8.34125804901123,-1.0923076923076924,3136.4621,Training Peptides,93.53846153846155,
MRPEIWIAQELDRFGDENNAYYARRV,-1.4910104062573415,4.935807228088377,-0.9384615384615386,3213.5394,Training Peptides,68.6076923076923,
MRPEIWIGQELRRIGDEFNAYYARRV,0.5078588329028131,8.34125804901123,-0.7538461538461539,3239.6661,Training Peptides,100.94615384615386,
MRPEIWINQELRRIGDEFNAYYARRV,0.5078588329028131,8.34125804901123,-0.8730769230769232,3296.7174,Training Peptides,98.04615384615386,
GQVGRQLAIIGDDINR,-0.2376768637310102,5.961182594299316,-0.275,1724.9156999999998,Training Peptides,11.39375,
MRPEIWFAQEFRRAGDENNAYYARRV,0.5078588329028131,8.34125804901123,-1.1192307692307693,3246.5742,Training Peptides,93.53846153846155,
MRPEIWFAQELDRFGDEFNAYYARRV,-1.4910104062573415,4.935807228088377,-0.7615384615384616,3280.6268,Training Peptides,68.6076923076923,
MRPEIWAAQEFRRAGDEVNAYYARRV,0.5078588329028131,8.34125804901123,-0.8615384615384616,3155.5067,Training Peptides,87.75769230769232,0.5
MRPEIWIAQELRRIGDWFNAYYARRV,1.5050483709296023,9.961541938781735,-0.5692307692307692,3310.7886,Training Peptides,100.94615384615386,
MRPEIWAAQELDRNGDEVNAYYARRV,-1.4910104062573415,4.935807228088377,-0.9884615384615386,3123.4169,Training Peptides,61.792307692307695,
PQMVELQLLRFIFRLVWRRH,3.048473518206148,11.999967765808105,0.0699999999999999,2638.1885,Training Peptides,83.33,
MRPEIWAAQEIDRAGDEFNAYYARRV,-1.4910104062573415,4.935807228088377,-0.8115384615384615,3128.435,Training Peptides,70.2346153846154,0.55
RPEIWYAQGLRRFGDEFNAYYAR,0.7638062964785606,8.494757270812986,-1.0173913043478262,2879.1491000000005,Training Peptides,93.10434782608696,
MRPEIWAAQEADRIGDEVNAYYARRV,-1.4910104062573415,4.935807228088377,-0.7576923076923078,3080.3922,Training Peptides,59.56153846153847,0.55
MRPEIWAAQEIDRDGDENNAYYARRV,-2.489889645317497,4.593750190734863,-1.2576923076923074,3139.3733,Training Peptides,70.2346153846154,0.51
MRPEIWFAQEARRFGDEVNAYYARRV,0.5078588329028131,8.34125804901123,-0.8230769230769233,3231.6026,Training Peptides,93.53846153846155,
MRPEIWIAQELRRIPDEFNAYYARRV,0.5078588329028131,8.34125804901123,-0.7153846153846154,3293.7566,Training Peptides,96.93846153846157,
MRPEIWIAQELRRIGDLFNAYYARRV,1.5050483709296023,9.961541938781735,-0.3884615384615385,3237.7363,Training Peptides,100.94615384615386,
MRPEIWIAQEADRDGDEFNAYYARRV,-2.489889645317497,4.593750190734863,-1.015384615384615,3172.4445,Training Peptides,65.3423076923077,
MRPEIWIAQELRRIGWEFNAYYARRV,1.5067380719629684,9.961541938781735,-0.5692307692307692,3324.8152,Training Peptides,105.69230769230772,
MRPEIWAAQEIDRFGDEVNAYYARRV,-1.4910104062573415,4.935807228088377,-0.7192307692307692,3156.4881,Training Peptides,70.2346153846154,0.55
MRPEIWFAQEARRNGDENNAYYARRV,0.5078588329028131,8.34125804901123,-1.3615384615384611,3213.503,Training Peptides,92.50384615384617,
MRPEIWIAQELRRIGDERNAYYARRV,1.5078488330028117,9.954450416564942,-0.95,3262.7046,Training Peptides,105.69230769230772,
RPEIWYAQELKRFGDEFNAYYAR,-0.234372242647229,6.254585456848145,-1.1260869565217393,2923.1984,Training Peptides,78.68260869565218,
MRPEIWAAQELDRIGDEFNAYYARRV,-1.4910104062573415,4.935807228088377,-0.7346153846153847,3170.5147,Training Peptides,62.82692307692309,
MRPEIWIAQEARRAGDEVNAYYARRV,0.5078588329028131,8.34125804901123,-0.7961538461538462,3121.4905,Training Peptides,93.53846153846155,
MRPEIWFAQEIRRFGDENNAYYARRV,0.5078588329028131,8.34125804901123,-1.0153846153846156,3288.6539,Training Peptides,100.94615384615386,0.56
MRPEIWIAQELRRIGDEGNAYYARRV,0.5078588329028131,8.34125804901123,-0.7923076923076924,3163.5702,Training Peptides,97.68076923076924,
STKKLSECLKRIGDELDS,-0.544899087952305,5.935605049133301,-0.8500000000000001,2022.2811,Training Peptides,74.63333333333334,
MRPEIWIAQALRRIGDEFNAYYARRV,1.5050483709296023,9.961541938781735,-0.4653846153846154,3195.6566,Training Peptides,93.53846153846155,
MRPEIWIAQELRRIGGEFNAYYARRV,1.5067380719629684,9.961541938781735,-0.55,3195.6566000000003,Training Peptides,102.79230769230772,
MRPEIWAAQEFDRAGDEVNAYYARRV,-1.4910104062573415,4.935807228088377,-0.8230769230769232,3114.4084,Training Peptides,67.57307692307693,0.57
MRPEIWAAQEIDRAGDEVNAYYARRV,-1.4910104062573415,4.935807228088377,-0.7576923076923078,3080.3922,Training Peptides,70.2346153846154,0.57
MRPEIWIAQELRRIGDEHNAYYARRV,0.5950330211574002,8.362274742126466,-0.9000000000000001,3243.6582,Training Peptides,107.15384615384617,
MRPEIWFAQEFDRIGDEFNAYYARRV,-1.4910104062573415,4.935807228088377,-0.7346153846153847,3280.6268,Training Peptides,73.35384615384616,
MRPEIWAAQEADRIGDENNAYYARRV,-1.4910104062573415,4.935807228088377,-1.053846153846154,3095.3638,Training Peptides,59.56153846153847,0.51
MRPEIWFAQEARRFGDEFNAYYARRV,0.5078588329028131,8.34125804901123,-0.8769230769230771,3279.6454,Training Peptides,93.53846153846155,
MRPEIWIAQELRRIGYEFNAYYARRV,1.5057390709639678,9.684585762023923,-0.5846153846153845,3301.7785000000003,Training Peptides,94.78076923076925,
MRPEIWFAQEIRRDGDEVNAYYARRV,-0.4910204061573431,6.039108848571778,-0.9615384615384616,3241.5959,Training Peptides,100.94615384615386,0.5
IAQELRRIGDEF,-1.2331767007244343,4.679122352600097,-0.5000000000000001,1446.6071,Training Peptides,89.00000000000001,0.55
IAQELRRIGDEF,-1.2331767007244343,4.679122352600097,-0.5000000000000001,1446.6071,Training Peptides,89.00000000000001,0.55
MRPEIWIAQELRRISDEFNAYYARRV,0.5078588329028131,8.34125804901123,-0.6846153846153846,3283.7187,Training Peptides,100.94615384615386,
MRPEIWIAQERRRIGDEFNAYYARRV,1.5078488330028117,9.954450416564942,-0.9884615384615386,3296.7208,Training Peptides,115.56923076923078,
MRPEIWIAQEIDRAGDEVNAYYARRV,-1.4910104062573415,4.935807228088377,-0.653846153846154,3122.4719,Training Peptides,76.01538461538462,0.51
STKKLLKRIGDELDSNM,0.4621914401734948,8.219864082336429,-0.8882352941176472,1948.2455,Training Peptides,29.929411764705886,
MRPEIWFAQELRRFGDENNAYYARRV,0.5078588329028131,8.34125804901123,-1.0423076923076926,3288.6539,Training Peptides,100.94615384615386,0.51
MRPEIWIAQELRRIGIEFNAYYARRV,1.5067380719629684,9.961541938781735,-0.3615384615384616,3251.7629,Training Peptides,114.58076923076925,
MRPEIWYAQELRRIGDEFNAYYAR,-0.4931301681961866,6.013872337341308,-0.9541666666666668,3048.3916000000004,Training Peptides,94.525,
MRPEIWIAQELRRFGDEFNAYYARRV,0.5078588329028131,8.34125804901123,-0.7346153846153847,3287.7089,Training Peptides,100.94615384615386,
MRPEIWFAQEIDRNGDEFNAYYARRV,-1.4910104062573415,4.935807228088377,-0.9769230769230768,3247.5556,Training Peptides,74.98076923076924,
MRPEIWAAQEADRNGDEFNAYYARRV,-1.4910104062573415,4.935807228088377,-1.1192307692307693,3129.38,Training Peptides,58.52692307692308,0.53
MRPEIWIAQEIDRNGDEFNAYYARRV,-1.4910104062573415,4.935807228088377,-0.9115384615384616,3213.5394,Training Peptides,74.98076923076924,
MRPEIWIAQELRRIGDPFNAYYARRV,1.5050483709296023,9.961541938781735,-0.5961538461538461,3221.6939,Training Peptides,108.35384615384618,
MRPEIWIAQELRRIGDQFNAYYARRV,1.5050483709296023,9.961541938781735,-0.6692307692307693,3252.7079,Training Peptides,98.04615384615387,
MRPEIWIAQEIRRNGDEFNAYYARRV,0.5078588329028131,8.34125804901123,-0.95,3254.6377,Training Peptides,99.91153846153848,
LRPEIRYAQELRRMGDEFNE,-1.2233374978095275,5.160093879699706,-1.36,2522.7935000000007,Training Peptides,103.05000000000001,
RPEIWIAQELRRAGDVLNAYYAR,0.7648052974775612,8.586689186096194,-0.5652173913043478,2761.1011,Training Peptides,91.18260869565218,
MRPEIWIAQELRRIKDEFNAYYARRV,1.506859831903812,9.684585762023923,-0.8038461538461538,3324.8137,Training Peptides,97.68076923076924,
MRPEIWIAQEIRRAGDENNAYYARRV,0.5078588329028131,8.34125804901123,-0.9884615384615386,3178.5418,Training Peptides,100.94615384615386,0.51
MRPEIWIAQEIRRFGDENNAYYARRV,0.5078588329028131,8.34125804901123,-0.95,3254.6377,Training Peptides,100.94615384615386,
WIAQELRRIGDEFN,-1.2331767007244343,4.679122352600097,-0.7428571428571428,1746.9196000000002,Training Peptides,77.71428571428572,
MRPEIWFAQEARRIGDEVNAYYARRV,0.5078588329028131,8.34125804901123,-0.7576923076923078,3197.5864,Training Peptides,93.53846153846155,
STKKLSECLKRIGDM,1.4511696891346406,9.18560047149658,-0.6266666666666667,1709.0407999999998,Training Peptides,74.72,
MRPEIWAAQELDRAGDENNAYYARRV,-1.4910104062573415,4.935807228088377,-1.0807692307692307,3095.3638,Training Peptides,62.82692307692309,
LRPEIRIAQELRRMGDEFNE,-1.2223384968105266,5.160150718688963,-1.07,2472.7779000000005,Training Peptides,94.98000000000002,
MRPEIWIAQEARRFGDEVNAYYARRV,0.5078588329028131,8.34125804901123,-0.7576923076923078,3197.5864,Training Peptides,93.53846153846155,
MRPEIWIAQEARRDGDENNAYYARRV,-0.4910204061573431,6.039108848571778,-1.296153846153846,3180.4716,Training Peptides,93.53846153846155,
MRPEIWAAQEIDRIGDEVNAYYARRV,-1.4910104062573415,4.935807228088377,-0.6538461538461539,3122.4719,Training Peptides,70.2346153846154,0.5
MRPEIWIAQEARRFGDEFNAYYARRV,0.5078588329028131,8.34125804901123,-0.8115384615384615,3245.6292,Training Peptides,93.53846153846155,
MRPEIWIAQEFRRDGDEFNAYYARRV,-0.4910204061573431,6.039108848571778,-1.015384615384615,3289.6387,Training Peptides,93.53846153846155,
MRPEIWFAQEIRRNGDEVNAYYARRV,0.5078588329028131,8.34125804901123,-0.9615384615384616,3240.6111,Training Peptides,99.91153846153848,0.52
RPEIWIAQGLKRFGDEFNAYYAR,0.7638162963785615,8.495530891418458,-0.7391304347826086,2801.1201,Training Peptides,60.01304347826087,
MRPEIWIAQEFDRDGDEVNAYYARRV,-2.489889645317497,4.593750190734863,-0.9230769230769232,3200.4976,Training Peptides,73.35384615384616,0.5
MRPEIWIAQEARRIGDEFNAYYARRV,0.5078588329028131,8.34125804901123,-0.7461538461538463,3211.613,Training Peptides,93.53846153846155,
MRPEIWFAQEARRNGDEVNAYYARRV,0.5078588329028131,8.34125804901123,-1.0653846153846156,3198.5314,Training Peptides,92.50384615384617,
MRPEIWIVQELRRIGDEFNAYYARRV,0.5078588329028131,8.34125804901123,-0.5769230769230769,3281.7458,Training Peptides,97.68076923076924,
AELPPEFAAQLRKIGDKVYC,-0.2102917202556611,6.2157075881958,-0.21,2248.5993,Training Peptides,30.575000000000014,
MRPEIWAAQEARRIGDEVNAYYARRV,0.5078588329028131,8.34125804901123,-0.7961538461538462,3121.4905,Training Peptides,87.75769230769232,
MRPEIWIAQRLRRIGDEFNAYYARRV,2.505038371029601,10.73651638031006,-0.7076923076923077,3280.7644,Training Peptides,93.53846153846155,
STKKLCLKRIGDELDSNM,0.4522904500744849,7.900358772277833,-0.7000000000000002,2051.3884000000003,Training Peptides,39.522222222222226,
MRPEIWAAQEADRFGDEVNAYYARRV,-1.4910104062573415,4.935807228088377,-0.8230769230769233,3114.4084,Training Peptides,59.56153846153847,0.6
MRPEIWAAQEIRRDGDENNAYYARRV,-0.4910204061573431,6.039108848571778,-1.296153846153846,3180.4716000000003,Training Peptides,95.16538461538462,0.51
MRPEIWIAQELRRIGDEANAYYARRV,0.5078588329028131,8.34125804901123,-0.7076923076923077,3177.5968,Training Peptides,100.94615384615386,
MRPEIWFAQELRRNGDEFNAYYARRV,0.5078588329028131,8.34125804901123,-1.0423076923076924,3288.6539,Training Peptides,99.91153846153848,
MRPEIWAAQEIRRNGDEVNAYYARRV,0.5078588329028131,8.34125804901123,-1.0,3164.5152,Training Peptides,94.13076923076925,0.55
MRPEIWIAQELRRIGDRFNAYYARRV,2.505038371029601,10.73651638031006,-0.7076923076923077,3280.7644,Training Peptides,98.04615384615387,
KKLSECLKRIGDELDSNM,-0.2449439329806013,6.206442832946778,-0.8555555555555556,2079.3985,Training Peptides,74.63333333333334,
MRPEIWAAQEIDRIGDENNAYYARRV,-1.4910104062573415,4.935807228088377,-0.95,3137.4435000000003,Training Peptides,70.2346153846154,
MRPEIWFAQEFDRDGDENNAYYARRV,-2.489889645317497,4.593750190734863,-1.2846153846153845,3249.4854,Training Peptides,73.35384615384616,
MRPEIWIAQELRRIGLEFNAYYARRV,1.5067380719629684,9.961541938781735,-0.3884615384615385,3251.7629,Training Peptides,100.94615384615386,
MRPEIWAAQEARRAGDEFNAYYARRV,0.5078588329028131,8.34125804901123,-0.953846153846154,3127.4536000000003,Training Peptides,87.75769230769232,0.5
MRPEIWIAQELRRIGDEPNAYYARRV,0.5078588329028131,8.34125804901123,-0.8384615384615385,3203.6341,Training Peptides,108.35384615384618,
MRPEIWAAQEARRDGDEFNAYYARRV,-0.4910204061573431,6.039108848571778,-1.1576923076923076,3171.4631,Training Peptides,87.75769230769232,0.5
MRPEIWIAQELRRIQDEFNAYYARRV,0.5078588329028131,8.34125804901123,-0.7884615384615384,3324.7706,Training Peptides,108.35384615384618,
MRPEIWFAQELRRDGDENNAYYARRV,-0.4910204061573431,6.039108848571778,-1.2846153846153845,3256.5675,Training Peptides,100.94615384615386,
MRPEIWAAQEFDRNGDENNAYYARRV,-1.4910104062573415,4.935807228088377,-1.323076923076923,3172.4047,Training Peptides,66.53846153846155,0.55
MRPEIWIAQELRRIGDNFNAYYARRV,1.5050483709296023,9.961541938781735,-0.6692307692307693,3238.6813,Training Peptides,95.16538461538464,
MRPEIWIAQELRRIGDFFNAYYARRV,1.5050483709296023,9.961541938781735,-0.4269230769230769,3271.7525,Training Peptides,98.04615384615387,
MRPEIWAAQELDRAGDEFNAYYARRV,-1.4910104062573415,4.935807228088377,-0.8384615384615385,3128.435,Training Peptides,62.82692307692309,
MRPEIWIAQELRRIGDAFNAYYARRV,1.5050483709296023,9.961541938781735,-0.4653846153846154,3195.6566,Training Peptides,100.94615384615386,
MRPEIWFAQEIDRIGDEFNAYYARRV,-1.4910104062573415,4.935807228088377,-0.6692307692307693,3246.6106,Training Peptides,76.01538461538462,
MRPEIWIAQEIDRIGDENNAYYARRV,-1.4910104062573415,4.935807228088377,-0.8461538461538463,3179.5232,Training Peptides,76.01538461538462,
MRPEIWFAQEADRNGDEFNAYYARRV,-1.4910104062573415,4.935807228088377,-1.0807692307692307,3205.4759,Training Peptides,64.30769230769232,
LSECLKRIGDELDSN,-2.2429459309826,4.316660118103028,-0.6333333333333333,1691.8578999999995,Training Peptides,93.22,
KLSECLKRIGDELDS,-1.2439449319816007,4.782853507995605,-0.6600000000000001,1705.9276,Training Peptides,87.56,
MRPEIWFAQEFRRFGDENNAYYARRV,0.5078588329028131,8.34125804901123,-1.080769230769231,3322.6701000000003,Training Peptides,93.53846153846155,0.5
MRPEIWIAQEIRRAGDEVNAYYARRV,0.5078588329028131,8.34125804901123,-0.6923076923076924,3163.5702,Training Peptides,100.94615384615386,0.51
RQIKIWFQNRRMKWKKMGQVGRQLAIIGDDINRRY,7.75728813167398,11.728555870056152,-1.0285714285714282,4404.1827,Training Peptides,51.18000000000001,
MRPEIWAAQELDRDGDENNAYYARRV,-2.489889645317497,4.593750190734863,-1.2846153846153845,3139.3733,Training Peptides,62.82692307692309,
MRPEIWFAQELDRDGDEVNAYYARRV,-2.489889645317497,4.593750190734863,-0.95,3200.4976,Training Peptides,68.6076923076923,
MRPEIWAAQELDRAGDEVNAYYARRV,-1.4910104062573415,4.935807228088377,-0.7846153846153847,3080.3922,Training Peptides,62.82692307692309,
MRPEIWIAQELRRIGDEWNAYYARRV,0.5078588329028131,8.34125804901123,-0.8115384615384615,3292.7288,Training Peptides,99.91153846153848,
MRPEIWIAQELRRIGDEKNAYYARRV,1.506859831903812,9.684585762023923,-0.926923076923077,3234.6912,Training Peptides,100.94615384615386,
MRPEIWIAQEFRRIGDENNAYYARRV,0.5078588329028131,8.34125804901123,-0.95,3254.6377,Training Peptides,93.53846153846155,
PQMVILQLERFIFRLVWRRH,3.048473518206148,11.999967765808105,0.1050000000000001,2638.1885,Training Peptides,83.33,
MRPEIWIAQEIRRFGDEFNAYYARRV,0.5078588329028131,8.34125804901123,-0.7076923076923077,3287.7089,Training Peptides,100.94615384615386,
RPEIWMGQGLRRLGDEINAYYAR,0.7648052974775612,8.586689186096194,-0.856521739130435,2765.1129,Training Peptides,101.47826086956522,
MRPEIWAAQEFRRNGDENNAYYARRV,0.5078588329028131,8.34125804901123,-1.3615384615384611,3213.503,Training Peptides,86.72307692307693,
MRPEIWIAQEERRIGDEFNAYYARRV,-0.4893307051239768,6.071734428405762,-0.95,3269.6491,Training Peptides,106.07692307692308,
MRPEIWIAQELRRIDDEFNAYYARRV,-0.4910204061573431,6.039108848571778,-0.7884615384615384,3311.7288,Training Peptides,100.94615384615386,
MRPEIWIAQEIDRIGDEVNAYYARRV,-1.4910104062573415,4.935807228088377,-0.55,3164.5516,Training Peptides,76.01538461538462,
MRPEIWFAQEARRAGDEFNAYYARRV,0.5078588329028131,8.34125804901123,-0.9153846153846156,3203.5495,Training Peptides,93.53846153846155,
MRPEIWFAQEFDRIGDENNAYYARRV,-1.4910104062573415,4.935807228088377,-0.976923076923077,3247.5556,Training Peptides,73.35384615384616,
MRPEIWIAQELRRFGDEVNAYYARRV,0.5078588329028131,8.34125804901123,-0.6807692307692309,3239.6661,Training Peptides,100.94615384615386,
MRPEIWAAQELRRNGDEVNAYYARRV,0.5078588329028131,8.34125804901123,-1.026923076923077,3164.5152,Training Peptides,94.13076923076925,0.55
MRPEIWIAQELRRFGDENNAYYARRV,0.5078588329028131,8.34125804901123,-0.976923076923077,3254.6377,Training Peptides,100.94615384615386,
MRPEIWIAQEGRRIGDEFNAYYARRV,0.5078588329028131,8.34125804901123,-0.8307692307692308,3197.5864,Training Peptides,93.53846153846155,
MRPEIWAAQEIRRFGDEVNAYYARRV,0.5078588329028131,8.34125804901123,-0.7576923076923078,3197.5864,Training Peptides,95.16538461538462,0.56
MRPEIWIAQELRRAGDEFNAYYARRV,0.5078588329028131,8.34125804901123,-0.7730769230769231,3211.613,Training Peptides,100.94615384615386,
MRPEIWAAQEFDRDGDENNAYYARRV,-2.489889645317497,4.593750190734863,-1.323076923076923,3173.3895,Training Peptides,67.57307692307693,0.54
MRPEIWIAQEFRRIGDEFNAYYARRV,0.5078588329028131,8.34125804901123,-0.7076923076923077,3287.7089,Training Peptides,93.53846153846155,
MRPEIWAAQEIDRNGDEFNAYYARRV,-1.4910104062573415,4.935807228088377,-1.015384615384615,3171.4597,Training Peptides,69.20000000000002,0.52
TKKLSECLKRIGDE,0.3972675660243698,7.849557685852051,-1.0,1619.8814999999995,Training Peptides,79.34285714285716,
MRPEIWKAQELRRIGDEFNAYYARRV,1.506859831903812,9.684585762023923,-0.9923076923076922,3268.7074,Training Peptides,100.94615384615386,
RPEIWITQELRRIGDEFNAYYAR,-0.2323842405492282,6.256063270568848,-0.934782608695652,2897.206,Training Peptides,87.90434782608698,
MRPEIWIAQEFDRAGDENNAYYARRV,-1.4910104062573415,4.935807228088377,-1.0153846153846156,3171.4597,Training Peptides,73.35384615384616,0.52
MRPEIWIAQELRRIHDEFNAYYARRV,0.5950330211574002,8.362274742126466,-0.7769230769230769,3333.7807,Training Peptides,105.69230769230772,
MRPEIWFAQELRRAGDEVNAYYARRV,0.5078588329028131,8.34125804901123,-0.7846153846153847,3197.5864,Training Peptides,100.94615384615386,0.51
RRRRRRRRGCMGQVGRQLAIIGDDINRRY,8.75133314607097,11.999967765808105,-1.4551724137931037,3585.1503999999995,Training Peptides,174.4965517241379,
MRPEIWIAQELDRDGDEFNAYYARRV,-2.489889645317497,4.593750190734863,-0.9384615384615383,3214.5242,Training Peptides,68.6076923076923,
MRPEIWAAQEFDRFGDEFNAYYARRV,-1.4910104062573415,4.935807228088377,-0.8384615384615386,3238.5471,Training Peptides,67.57307692307693,0.54
MRPEIWAAQELRRAGDEFNAYYARRV,0.5078588329028131,8.34125804901123,-0.8769230769230769,3169.5333,Training Peptides,95.16538461538462,0.5
MRPEIWHAQELRRIGDEFNAYYARRV,0.5950330211574002,8.362274742126466,-0.9653846153846154,3277.6744000000003,Training Peptides,110.05384615384615,
MRPEIWAAQEFDRFGDEVNAYYARRV,-1.4910104062573415,4.935807228088377,-0.7846153846153848,3190.5043,Training Peptides,67.57307692307693,0.56
MRPEIWIAQEFDRFGDEFNAYYARRV,-1.4910104062573415,4.935807228088377,-0.7346153846153847,3280.6268,Training Peptides,73.35384615384616,
MRPEIWIAQELRRIGDIFNAYYARRV,1.5050483709296023,9.961541938781735,-0.3615384615384616,3237.7363,Training Peptides,100.94615384615386,
MRPEIWIAQELRRIGSEFNAYYARRV,1.5067380719629684,9.961541938781735,-0.5653846153846154,3225.6826,Training Peptides,108.35384615384618,
MRPEIWIAQEIDRFGDEFNAYYARRV,-1.4910104062573415,4.935807228088377,-0.6692307692307693,3246.6106,Training Peptides,76.01538461538462,
MRPEIWFAQEFRRNGDEVNAYYARRV,0.5078588329028131,8.34125804901123,-1.026923076923077,3274.6273,Training Peptides,92.50384615384617,
MRPEIWAAQEIRRNGDEFNAYYARRV,0.5078588329028131,8.34125804901123,-1.053846153846154,3212.558,Training Peptides,94.13076923076925,0.52
MRPEIWFAQEIDRDGDEVNAYYARRV,-2.489889645317497,4.593750190734863,-0.9230769230769232,3200.4976,Training Peptides,76.01538461538462,
MRPEIWAAQEFDRIGDEFNAYYARRV,-1.4910104062573415,4.935807228088377,-0.7730769230769231,3204.5309,Training Peptides,67.57307692307693,0.5
MRPEIWIAQNLRRIGDEFNAYYARRV,1.5050483709296023,9.961541938781735,-0.6692307692307693,3238.6813,Training Peptides,93.53846153846155,
MRPEIWIAQEIRRIGDENNAYYARRV,0.5078588329028131,8.34125804901123,-0.8846153846153848,3220.6215,Training Peptides,100.94615384615386,
MRPEIWFAQEIDRDGDEFNAYYARRV,-2.489889645317497,4.593750190734863,-0.9769230769230768,3248.5404,Training Peptides,76.01538461538462,
MRPEIWIAQELRRDGDEVNAYYARRV,-0.4910204061573431,6.039108848571778,-0.9230769230769232,3207.5797,Training Peptides,100.94615384615386,
MRPEIWIAQELRRIGQEFNAYYARRV,1.5067380719629684,9.961541938781735,-0.6692307692307693,3266.7345,Training Peptides,108.35384615384618,
MRPEIWIAQELARIGDEFNAYYARRV,-0.4921311671971855,6.014099693298339,-0.4269230769230769,3168.5849,Training Peptides,71.50769230769232,
MRPEIWIAQELRRSGDEFNAYYARRV,0.5078588329028131,8.34125804901123,-0.8730769230769232,3227.6124,Training Peptides,117.84615384615387,
MRPEIWAAQELDRFGDEVNAYYARRV,-1.4910104062573415,4.935807228088377,-0.7461538461538464,3156.4881,Training Peptides,62.82692307692309,
MRPEIWFAQEFRRAGDEFNAYYARRV,0.5078588329028131,8.34125804901123,-0.8769230769230769,3279.6454,Training Peptides,93.53846153846155,
MRPEIWAAQEADRAGDEFNAYYARRV,-1.4910104062573415,4.935807228088377,-0.9153846153846156,3086.3553,Training Peptides,59.56153846153847,0.57
MRPEIWFAQELDRIGDENNAYYARRV,-1.4910104062573415,4.935807228088377,-0.9384615384615386,3213.5394,Training Peptides,68.6076923076923,
MRPEIWIAQELRRIGNEFNAYYARRV,1.5067380719629684,9.961541938781735,-0.6692307692307693,3252.7079000000003,Training Peptides,97.68076923076924,
MRPEIWIAQVLRRIGDEFNAYYARRV,1.5050483709296023,9.961541938781735,-0.3730769230769232,3223.7097,Training Peptides,90.63846153846156,
MRPEIWIAQEFDRIGDEVNAYYARRV,-1.4910104062573415,4.935807228088377,-0.6153846153846154,3198.5678,Training Peptides,73.35384615384616,
MRPEIWIAQEFRRFGDEVNAYYARRV,0.5078588329028131,8.34125804901123,-0.7192307692307692,3273.6823,Training Peptides,93.53846153846155,
MRPEIWAAQEIDRFGDENNAYYARRV,-1.4910104062573415,4.935807228088377,-1.0153846153846156,3171.4597000000003,Training Peptides,70.2346153846154,0.55
MRPEIWIAQEFRRDGDENNAYYARRV,-0.4910204061573431,6.039108848571778,-1.2576923076923074,3256.5675,Training Peptides,93.53846153846155,
MRPEIWEAQELRRIGDEFNAYYARRV,-0.4893307051239768,6.071734428405762,-0.9769230769230768,3269.6491,Training Peptides,100.94615384615386,
MRPEIWIAQEADRAGDEVNAYYARRV,-1.4910104062573415,4.935807228088377,-0.7576923076923078,3080.3922,Training Peptides,65.3423076923077,0.57
MRPEIWFAQEFRRNGDEFNAYYARRV,0.5078588329028131,8.34125804901123,-1.0807692307692307,3322.6701000000003,Training Peptides,92.50384615384617,
MRPEIWIAQEFDRNGDEFNAYYARRV,-1.4910104062573415,4.935807228088377,-0.9769230769230768,3247.5556,Training Peptides,72.31923076923077,
MRPEIWIAQEFRRNGDENNAYYARRV,0.5078588329028131,8.34125804901123,-1.2576923076923074,3255.5827000000004,Training Peptides,92.50384615384617,
MRPEIWFAQEIRRDGDENNAYYARRV,-0.4910204061573431,6.039108848571778,-1.2576923076923074,3256.5675,Training Peptides,100.94615384615386,
MRPEIWIAQELRRIGDSFNAYYARRV,1.5050483709296023,9.961541938781735,-0.5653846153846155,3211.656,Training Peptides,108.35384615384618,
MRPEIWFAQEARRDGDEVNAYYARRV,-0.4910204061573431,6.039108848571778,-1.0653846153846156,3199.5162,Training Peptides,93.53846153846155,
MRPEIWFAQEIRRFGDEVNAYYARRV,0.5078588329028131,8.34125804901123,-0.7192307692307692,3273.6823,Training Peptides,100.94615384615386,0.53
MRPEIWAAQEFRRIGDEVNAYYARRV,0.5078588329028131,8.34125804901123,-0.7576923076923078,3197.5864,Training Peptides,87.75769230769232,
MRPEIWIDQELRRIGDEFNAYYARRV,-0.4910204061573431,6.039108848571778,-0.8730769230769232,3297.7022,Training Peptides,100.94615384615386,
MRPEIWIAQEIDRFGDENNAYYARRV,-1.4910104062573415,4.935807228088377,-0.9115384615384616,3213.5394,Training Peptides,76.01538461538462,
MRPEIWIAQEADRFGDEFNAYYARRV,-1.4910104062573415,4.935807228088377,-0.7730769230769231,3204.5309,Training Peptides,65.3423076923077,
MRPEIWIKQELRRIGDEFNAYYARRV,1.506859831903812,9.684585762023923,-0.8884615384615385,3310.7871,Training Peptides,106.77307692307693,
STKKLSECLKRIGDELM,0.4539801511078511,7.900874519348145,-0.5352941176470588,1951.3124,Training Peptides,67.10588235294118,
EIWIAQELRRIGDEFNAYYAR,-1.1584586981137468,4.871181297302246,-0.6142857142857144,2613.8791,Training Peptides,81.46666666666667,
MRPEIWIAQEIDRAGDENNAYYARRV,-1.4910104062573415,4.935807228088377,-0.95,3137.4435,Training Peptides,76.01538461538462,0.51
MRPEIWIAQELDRNGDEFNAYYARRV,-1.4910104062573415,4.935807228088377,-0.9384615384615383,3213.5394,Training Peptides,67.57307692307693,
STKKLSECLKRIGDEM,0.4539801511078511,7.900874519348145,-0.80625,1838.1548,Training Peptides,70.67500000000001,
MRPEIWIAQELRRTGDEFNAYYARRV,0.5078588329028131,8.34125804901123,-0.8692307692307693,3241.639,Training Peptides,97.68076923076924,
MRPEIWIAQEYRRIGDEFNAYYARRV,0.506859831903812,8.25209827423096,-0.8653846153846154,3303.7083,Training Peptides,87.03461538461539,
MRPEIWAAQELRRFGDEFNAYYARRV,0.5078588329028131,8.34125804901123,-0.8384615384615386,3245.6292000000003,Training Peptides,95.16538461538462,0.5
MRPEIWIAQEFRRAGDEVNAYYARRV,0.5078588329028131,8.34125804901123,-0.7576923076923078,3197.5864,Training Peptides,93.53846153846155,
MRPEIWFAQEFDRIGDEVNAYYARRV,-1.4910104062573415,4.935807228088377,-0.6807692307692309,3232.584,Training Peptides,73.35384615384616,
MRPEIWAAQEADRDGDENNAYYARRV,-2.489889645317497,4.593750190734863,-1.3615384615384611,3097.2936,Training Peptides,59.56153846153847,0.56
MRPEIWIAQEFDRFGDEVNAYYARRV,-1.4910104062573415,4.935807228088377,-0.6807692307692309,3232.584,Training Peptides,73.35384615384616,
MRPEIWAAQELRRIGDENNAYYARRV,0.5078588329028131,8.34125804901123,-1.0153846153846156,3178.5418000000004,Training Peptides,95.16538461538462,
MRPEIWIAQEADRFGDENNAYYARRV,-1.4910104062573415,4.935807228088377,-1.0153846153846156,3171.4597,Training Peptides,65.3423076923077,0.52
MRPEIWIAQELRRNGDEFNAYYARRV,0.5078588329028131,8.34125804901123,-0.9769230769230768,3254.6377,Training Peptides,99.91153846153848,
MRPEIWIAQELRRIVDEFNAYYARRV,0.5078588329028131,8.34125804901123,-0.4923076923076923,3295.7724,Training Peptides,91.90000000000002,
MRPEIWAAQEFDRNGDEVNAYYARRV,-1.4910104062573415,4.935807228088377,-1.026923076923077,3157.4331,Training Peptides,66.53846153846155,0.55
MRPEIWAAQEIRRFGDEFNAYYARRV,0.5078588329028131,8.34125804901123,-0.8115384615384615,3245.6292000000003,Training Peptides,95.16538461538462,0.55
MRPEIWIYQELRRIGDEFNAYYARRV,0.506859831903812,8.25209827423096,-0.7884615384615384,3345.788,Training Peptides,100.94615384615386,
